trade_id,entry_unix,entry_et,entry_time_et,entry_price,entry_session_id,exit_unix,exit_et,exit_time_et,exit_price,exit_session_id,direction,bars_held,minutes_held,stop_price_at_entry,max_adverse_excursion_usd,point_value_usd,loss_cap_usd,exit_reason,pnl_pct,trade_profit_pct,pnl_usd,trade_profit_usd,cumulative_pnl_pct,cumulative_pnl_usd,result,updated_at_utc
1768576500|SHORT,1768576500,2026-01-16 10:15:00 ET,2026-01-16 10:15:00 ET,25676.0,,1768593300,2026-01-16 14:55:00 ET,2026-01-16 14:55:00 ET,25727.0,,SHORT,55,,,,,,,-0.2256470611117667,-0.2256470611117667,-112.82353055588334,-112.82353055588334,-0.2256470611117667,-112.82353055588334,LOSS,2026-03-30T02:38:12.514629+00:00
1768888800|SHORT,1768888800,2026-01-20 01:00:00 ET,2026-01-20 01:00:00 ET,25377.5,2026-01-20,1768893000,2026-01-20 02:10:00 ET,2026-01-20 02:10:00 ET,25287.25,2026-01-20,SHORT,14,70.0,25402.5,-50.0,20.0,500.0,signal_flat,3.61,3.61,1805.0,1805.0,3.384352938888233,1692.1764694441167,WIN,2026-03-30T03:21:20.302614+00:00
1768890000|SHORT,1768890000,2026-01-20 01:20:00 ET,2026-01-20 01:20:00 ET,25322.5,,1768906800,2026-01-20 06:00:00 ET,2026-01-20 06:00:00 ET,25176.0,,SHORT,55,,,,,,,0.5544924480671121,0.5544924480671121,277.246224033556,277.246224033556,3.9388453869553453,1969.4226934776727,WIN,2026-03-30T02:38:12.514666+00:00
1768893300|SHORT,1768893300,2026-01-20 02:15:00 ET,2026-01-20 02:15:00 ET,25272.5,2026-01-20,1768893900,2026-01-20 02:25:00 ET,2026-01-20 02:25:00 ET,25297.5,2026-01-20,SHORT,2,10.0,25297.5,-575.0,20.0,500.0,loss_cap,-1.0,-1.0,-500.0,-500.0,2.9388453869553453,1469.4226934776727,LOSS,2026-03-30T04:16:29.549488+00:00
1768893900|SHORT,1768893900,2026-01-20 02:25:00 ET,2026-01-20 02:25:00 ET,25296.25,2026-01-20,1768895700,2026-01-20 02:55:00 ET,2026-01-20 02:55:00 ET,25284.0,2026-01-20,SHORT,6,30.0,25321.25,-100.0,20.0,500.0,signal_flat,0.49,0.49,245.0,245.0,3.428845386955345,1714.4226934776727,WIN,2026-03-30T04:16:29.549528+00:00
1768902600|SHORT,1768902600,2026-01-20 04:50:00 ET,2026-01-20 04:50:00 ET,25122.0,2026-01-20,1768903800,2026-01-20 05:10:00 ET,2026-01-20 05:10:00 ET,25147.0,2026-01-20,SHORT,4,20.0,25147.0,-925.0,20.0,500.0,loss_cap,-1.0,-1.0,-500.0,-500.0,2.428845386955345,1214.4226934776727,LOSS,2026-03-30T04:16:29.549585+00:00
1768903800|SHORT,1768903800,2026-01-20 05:10:00 ET,2026-01-20 05:10:00 ET,25163.75,2026-01-20,1768904400,2026-01-20 05:20:00 ET,2026-01-20 05:20:00 ET,25188.75,2026-01-20,SHORT,2,10.0,25188.75,-555.0,20.0,500.0,loss_cap,-1.0,-1.0,-500.0,-500.0,1.428845386955345,714.4226934776727,LOSS,2026-03-30T04:16:29.549605+00:00
1768904400|SHORT,1768904400,2026-01-20 05:20:00 ET,2026-01-20 05:20:00 ET,25185.25,2026-01-20,1768904700,2026-01-20 05:25:00 ET,2026-01-20 05:25:00 ET,25196.5,2026-01-20,SHORT,1,5.0,25210.25,-445.0,20.0,500.0,signal_flat,-0.44999999999999996,-0.44999999999999996,-225.0,-225.0,0.9788453869553451,489.42269347767274,LOSS,2026-03-30T04:16:29.549625+00:00
1768913400|LONG,1768913400,2026-01-20 07:50:00 ET,2026-01-20 07:50:00 ET,25272.5,,1768930200,2026-01-20 12:30:00 ET,2026-01-20 12:30:00 ET,25339.25,,LONG,55,,,,,,,0.2390394188874545,0.2390394188874545,119.51970944372725,119.51970944372725,1.2178848058427996,608.9424029214,WIN,2026-03-30T02:38:12.514696+00:00
1768933500|SHORT,1768933500,2026-01-20 13:25:00 ET,2026-01-20 13:25:00 ET,25247.75,,1768946100,2026-01-20 16:55:00 ET,2026-01-20 16:55:00 ET,25139.0,,SHORT,41,,,,,,,0.4061724815316303,0.4061724815316303,203.08624076581515,203.08624076581515,1.62405728737443,812.0286436872152,WIN,2026-03-30T02:38:12.514718+00:00
1768996200|SHORT,1768996200,2026-01-21 06:50:00 ET,2026-01-21 06:50:00 ET,25071.75,2026-01-21,1768998300,2026-01-21 07:25:00 ET,2026-01-21 07:25:00 ET,25071.25,2026-01-21,SHORT,7,35.0,25096.75,-350.0,20.0,500.0,signal_flat,0.02,0.02,10.0,10.0,1.64405728737443,822.0286436872152,WIN,2026-03-30T04:16:29.549958+00:00
1769004600|LONG,1769004600,2026-01-21 09:10:00 ET,2026-01-21 09:10:00 ET,25198.0,,1769021700,2026-01-21 13:55:00 ET,2026-01-21 13:55:00 ET,25285.75,,LONG,55,,,,,,,0.3231750081372775,0.3231750081372775,161.58750406863876,161.58750406863876,1.9672322955117074,983.616147755854,WIN,2026-03-30T02:38:12.514799+00:00
1769030700|SHORT,1769030700,2026-01-21 16:25:00 ET,2026-01-21 16:25:00 ET,25512.5,,1769032500,2026-01-21 16:55:00 ET,2026-01-21 16:55:00 ET,25506.5,,SHORT,5,,,,,,,-0.0014888586140737736,-0.0014888586140737736,-0.7444293070368868,-0.7444293070368868,1.9657434368976336,982.8717184488171,LOSS,2026-03-30T02:38:12.514814+00:00
1769036700|LONG,1769036700,2026-01-21 18:05:00 ET,2026-01-21 18:05:00 ET,25562.5,,1769053500,2026-01-21 22:45:00 ET,2026-01-21 22:45:00 ET,25579.0,,LONG,55,,,,,,,0.03951464763765067,0.03951464763765067,19.757323818825334,19.757323818825334,2.005258084535284,1002.6290422676424,WIN,2026-03-30T02:31:10.511735+00:00
1769037000|LONG,1769037000,2026-01-21 18:10:00 ET,2026-01-21 18:10:00 ET,25545.25,,1769053500,2026-01-21 22:45:00 ET,2026-01-21 22:45:00 ET,25579.0,,LONG,54,,,,,,,0.10708644589696448,0.10708644589696448,53.54322294848224,53.54322294848224,2.1123445304322486,1056.1722652161245,WIN,2026-03-30T02:38:12.514846+00:00
1769069100|LONG,1769069100,2026-01-22 03:05:00 ET,2026-01-22 03:05:00 ET,25615.75,,1769085900,2026-01-22 07:45:00 ET,2026-01-22 07:45:00 ET,25684.25,,LONG,55,,,,,,,0.2423501740921541,0.2423501740921541,121.17508704607704,121.17508704607704,2.3546947045244027,1177.3473522622016,WIN,2026-03-30T02:38:12.514880+00:00
1769100300|LONG,1769100300,2026-01-22 11:45:00 ET,2026-01-22 11:45:00 ET,25687.25,,1769117100,2026-01-22 16:25:00 ET,2026-01-22 16:25:00 ET,25659.5,,LONG,55,,,,,,,-0.1329993527365625,-0.1329993527365625,-66.49967636828124,-66.49967636828124,2.22169535178784,1110.8476758939205,LOSS,2026-03-30T02:38:12.514913+00:00
1769157000|SHORT,1769157000,2026-01-23 03:30:00 ET,2026-01-23 03:30:00 ET,25607.5,2026-01-23,1769159100,2026-01-23 04:05:00 ET,2026-01-23 04:05:00 ET,25623.0,2026-01-23,SHORT,7,35.0,25632.5,-495.0,20.0,500.0,signal_flat,-0.62,-0.62,-310.0,-310.0,1.60169535178784,800.8476758939205,LOSS,2026-03-30T04:16:29.550509+00:00
1769160900|SHORT,1769160900,2026-01-23 04:35:00 ET,2026-01-23 04:35:00 ET,25576.5,,1769177700,2026-01-23 09:15:00 ET,2026-01-23 09:15:00 ET,25570.0,,SHORT,55,,,,,,,-0.0009078576900578561,-0.0009078576900578561,-0.45392884502892805,-0.45392884502892805,1.6007874940977822,800.3937470488916,LOSS,2026-03-30T02:38:12.514963+00:00
1769161200|SHORT,1769161200,2026-01-23 04:40:00 ET,2026-01-23 04:40:00 ET,25551.75,2026-01-23,1769163600,2026-01-23 05:20:00 ET,2026-01-23 05:20:00 ET,25571.0,2026-01-23,SHORT,8,40.0,25576.75,-460.0,20.0,500.0,signal_flat,-0.77,-0.77,-385.0,-385.0,0.8307874940977822,415.39374704889156,LOSS,2026-03-30T04:16:29.550557+00:00
1769180700|LONG,1769180700,2026-01-23 10:05:00 ET,2026-01-23 10:05:00 ET,25706.0,,1769190300,2026-01-23 12:45:00 ET,2026-01-23 12:45:00 ET,25730.0,,LONG,31,,,,,,,0.06832278568398298,0.06832278568398298,34.161392841991486,34.161392841991486,0.8991102797817652,449.555139890883,WIN,2026-03-30T02:38:12.514982+00:00
1769190000|SHORT,1769190000,2026-01-23 12:40:00 ET,2026-01-23 12:40:00 ET,25730.0,,1769205300,2026-01-23 16:55:00 ET,2026-01-23 16:55:00 ET,25685.5,,SHORT,50,,,,,,,0.14659163674624054,0.14659163674624054,73.29581837312027,73.29581837312027,1.0457019165280057,522.8509582640033,WIN,2026-03-30T02:38:12.515005+00:00
1769389200|LONG,1769389200,2026-01-25 20:00:00 ET,2026-01-25 20:00:00 ET,25635.75,,1769406000,2026-01-26 00:40:00 ET,2026-01-26 00:40:00 ET,25665.75,,LONG,55,,,,,,,0.09197112297660848,0.09197112297660848,45.98556148830424,45.98556148830424,1.1376730395046142,568.8365197523076,WIN,2026-03-30T02:38:12.515041+00:00
1769438400|LONG,1769438400,2026-01-26 09:40:00 ET,2026-01-26 09:40:00 ET,25816.25,,1769455200,2026-01-26 14:20:00 ET,2026-01-26 14:20:00 ET,25906.5,,LONG,55,,,,,,,0.324488412343249,0.324488412343249,162.24420617162448,162.24420617162448,1.4621614518478632,731.080725923932,WIN,2026-03-30T02:38:12.515086+00:00
1769530200|LONG,1769530200,2026-01-27 11:10:00 ET,2026-01-27 11:10:00 ET,26098.0,,1769547000,2026-01-27 15:50:00 ET,2026-01-27 15:50:00 ET,26098.25,,LONG,55,,,,,,,-0.02403848051060198,-0.02403848051060198,-12.01924025530099,-12.01924025530099,1.4381229713372612,719.061485668631,LOSS,2026-03-30T02:38:12.515156+00:00
1769617800|SHORT,1769617800,2026-01-28 11:30:00 ET,2026-01-28 11:30:00 ET,26150.75,,1769634600,2026-01-28 16:10:00 ET,2026-01-28 16:10:00 ET,26150.0,,SHORT,55,,,,,,,-0.027469349116437947,-0.027469349116437947,-13.734674558218973,-13.734674558218973,1.4106536222208232,705.326811110412,LOSS,2026-03-30T02:38:12.515223+00:00
1769697300|SHORT,1769697300,2026-01-29 09:35:00 ET,2026-01-29 09:35:00 ET,26028.5,2026-01-29,1769699400,2026-01-29 10:10:00 ET,2026-01-29 10:10:00 ET,25721.5,2026-01-29,SHORT,7,35.0,26053.5,-185.0,20.0,500.0,signal_flat,12.280000000000001,12.280000000000001,6140.0,6140.0,13.690653622220825,6845.326811110412,WIN,2026-03-30T04:16:29.551749+00:00
1769707800|LONG,1769707800,2026-01-29 12:30:00 ET,2026-01-29 12:30:00 ET,25850.25,,1769723700,2026-01-29 16:55:00 ET,2026-01-29 16:55:00 ET,25991.75,,LONG,52,,,,,,,0.5222507737462134,0.5222507737462134,261.1253868731067,261.1253868731067,14.212904395967039,7106.452197983518,WIN,2026-03-30T02:38:12.515301+00:00
1769736900|SHORT,1769736900,2026-01-29 20:35:00 ET,2026-01-29 20:35:00 ET,25841.25,,1769746500,2026-01-29 23:15:00 ET,2026-01-29 23:15:00 ET,25886.75,,SHORT,30,,,,,,,-0.20211499693322255,-0.20211499693322255,-101.05749846661128,-101.05749846661128,14.010789399033817,7005.394699516907,LOSS,2026-03-30T02:38:12.515332+00:00
1769740200|SHORT,1769740200,2026-01-29 21:30:00 ET,2026-01-29 21:30:00 ET,25764.75,2026-01-30,1769740500,2026-01-29 21:35:00 ET,2026-01-29 21:35:00 ET,25789.75,2026-01-30,SHORT,1,5.0,25789.75,-575.0,20.0,500.0,loss_cap,-1.0,-1.0,-500.0,-500.0,13.010789399033817,6505.394699516907,LOSS,2026-03-30T04:16:29.551892+00:00
1769740500|SHORT,1769740500,2026-01-29 21:35:00 ET,2026-01-29 21:35:00 ET,25779.0,2026-01-30,1769741400,2026-01-29 21:50:00 ET,2026-01-29 21:50:00 ET,25804.0,2026-01-30,SHORT,3,15.0,25804.0,-1000.0,20.0,500.0,loss_cap,-1.0,-1.0,-500.0,-500.0,12.010789399033817,6005.394699516907,LOSS,2026-03-30T04:16:29.551917+00:00
1769741400|SHORT,1769741400,2026-01-29 21:50:00 ET,2026-01-29 21:50:00 ET,25826.25,2026-01-30,1769742000,2026-01-29 22:00:00 ET,2026-01-29 22:00:00 ET,25851.25,2026-01-30,SHORT,2,10.0,25851.25,-875.0,20.0,500.0,loss_cap,-1.0,-1.0,-500.0,-500.0,11.010789399033817,5505.394699516907,LOSS,2026-03-30T04:16:29.551938+00:00
1769742000|SHORT,1769742000,2026-01-29 22:00:00 ET,2026-01-29 22:00:00 ET,25864.25,2026-01-30,1769742300,2026-01-29 22:05:00 ET,2026-01-29 22:05:00 ET,25884.0,2026-01-30,SHORT,1,5.0,25889.25,-475.0,20.0,500.0,signal_flat,-0.79,-0.79,-395.0,-395.0,10.220789399033816,5110.394699516907,LOSS,2026-03-30T04:16:29.551958+00:00
1769746200|LONG,1769746200,2026-01-29 23:10:00 ET,2026-01-29 23:10:00 ET,25886.75,,1769754000,2026-01-30 01:20:00 ET,2026-01-30 01:20:00 ET,25788.25,,LONG,24,,,,,,,-0.4054009597571073,-0.4054009597571073,-202.70047987855367,-202.70047987855367,9.815388439276708,4907.694219638353,LOSS,2026-03-30T02:38:12.515346+00:00
1769756100|SHORT,1769756100,2026-01-30 01:55:00 ET,2026-01-30 01:55:00 ET,25750.75,2026-01-30,1769756700,2026-01-30 02:05:00 ET,2026-01-30 02:05:00 ET,25775.75,2026-01-30,SHORT,2,10.0,25775.75,-895.0,20.0,500.0,loss_cap,-1.0,-1.0,-500.0,-500.0,8.815388439276708,4407.694219638353,LOSS,2026-03-30T04:16:29.552020+00:00
1769756700|SHORT,1769756700,2026-01-30 02:05:00 ET,2026-01-30 02:05:00 ET,25795.0,2026-01-30,1769759700,2026-01-30 02:55:00 ET,2026-01-30 02:55:00 ET,25710.5,2026-01-30,SHORT,10,50.0,25820.0,-180.0,20.0,500.0,signal_flat,3.38,3.38,1690.0,1690.0,12.195388439276709,6097.694219638353,WIN,2026-03-30T04:16:29.552068+00:00
1769758500|SHORT,1769758500,2026-01-30 02:35:00 ET,2026-01-30 02:35:00 ET,25736.25,,1769772600,2026-01-30 06:30:00 ET,2026-01-30 06:30:00 ET,25817.75,,SHORT,46,,,,,,,-0.343355264471068,-0.343355264471068,-171.67763223553402,-171.67763223553402,11.85203317480564,5926.016587402819,LOSS,2026-03-30T02:31:10.512303+00:00
1769772300|LONG,1769772300,2026-01-30 06:25:00 ET,2026-01-30 06:25:00 ET,25817.75,,1769773800,2026-01-30 06:50:00 ET,2026-01-30 06:50:00 ET,25797.75,,LONG,4,,,,,,,-0.10242496635668452,-0.10242496635668452,-51.21248317834226,-51.21248317834226,11.749608208448956,5874.804104224477,LOSS,2026-03-30T02:31:10.512312+00:00
1770129300|SHORT,1770129300,2026-02-03 09:35:00 ET,2026-02-03 09:35:00 ET,25820.5,2026-02-03,1770131400,2026-02-03 10:10:00 ET,2026-02-03 10:10:00 ET,25553.5,2026-02-03,SHORT,7,35.0,25845.5,-385.0,20.0,500.0,signal_flat,10.68,10.68,5340.0,5340.0,22.429608208448954,11214.804104224477,WIN,2026-03-30T04:16:29.552419+00:00
1770153000|LONG,1770153000,2026-02-03 16:10:00 ET,2026-02-03 16:10:00 ET,25447.75,,1770155700,2026-02-03 16:55:00 ET,2026-02-03 16:55:00 ET,25405.5,,LONG,8,,,,,,,-0.19103360231247368,-0.19103360231247368,-95.51680115623684,-95.51680115623684,22.23857460613648,11119.28730306824,LOSS,2026-03-30T02:38:12.515464+00:00
1770196500|SHORT,1770196500,2026-02-04 04:15:00 ET,2026-02-04 04:15:00 ET,25383.0,,1770213300,2026-02-04 08:55:00 ET,2026-02-04 08:55:00 ET,25359.0,,SHORT,55,,,,,,,0.06821990328294003,0.06821990328294003,34.10995164147002,34.10995164147002,22.306794509419422,11153.397254709711,WIN,2026-03-30T02:38:12.515527+00:00
1770196800|SHORT,1770196800,2026-02-04 04:20:00 ET,2026-02-04 04:20:00 ET,25366.0,2026-02-04,1770197400,2026-02-04 04:30:00 ET,2026-02-04 04:30:00 ET,25391.0,2026-02-04,SHORT,2,10.0,25391.0,-635.0,20.0,500.0,loss_cap,-1.0,-1.0,-500.0,-500.0,21.306794509419422,10653.397254709711,LOSS,2026-03-30T04:16:29.552642+00:00
1770197400|SHORT,1770197400,2026-02-04 04:30:00 ET,2026-02-04 04:30:00 ET,25386.0,2026-02-04,1770198900,2026-02-04 04:55:00 ET,2026-02-04 04:55:00 ET,25402.25,2026-02-04,SHORT,5,25.0,25411.0,-425.0,20.0,500.0,signal_flat,-0.65,-0.65,-325.0,-325.0,20.656794509419424,10328.397254709711,LOSS,2026-03-30T04:16:29.552673+00:00
1770213300|SHORT,1770213300,2026-02-04 08:55:00 ET,2026-02-04 08:55:00 ET,25356.25,2026-02-04,1770215100,2026-02-04 09:25:00 ET,2026-02-04 09:25:00 ET,25381.25,2026-02-04,SHORT,6,30.0,25381.25,-645.0,20.0,500.0,loss_cap,-1.0,-1.0,-500.0,-500.0,19.656794509419424,9828.397254709711,LOSS,2026-03-30T04:16:29.552754+00:00
1770215100|SHORT,1770215100,2026-02-04 09:25:00 ET,2026-02-04 09:25:00 ET,25385.5,2026-02-04,1770215400,2026-02-04 09:30:00 ET,2026-02-04 09:30:00 ET,25286.25,2026-02-04,SHORT,1,5.0,25410.5,-25.0,20.0,500.0,signal_flat,3.9699999999999998,3.9699999999999998,1985.0,1985.0,23.626794509419422,11813.397254709711,WIN,2026-03-30T04:16:29.552772+00:00
1770237600|LONG,1770237600,2026-02-04 15:40:00 ET,2026-02-04 15:40:00 ET,25065.0,,1770242100,2026-02-04 16:55:00 ET,2026-02-04 16:55:00 ET,25153.0,,LONG,14,,,,,,,0.32601640546794375,0.32601640546794375,163.00820273397187,163.00820273397187,23.952810914887365,11976.405457443683,WIN,2026-03-30T02:38:12.515554+00:00
1770259500|SHORT,1770259500,2026-02-04 21:45:00 ET,2026-02-04 21:45:00 ET,25035.75,,1770276600,2026-02-05 02:30:00 ET,2026-02-05 02:30:00 ET,25081.0,,SHORT,55,,,,,,,-0.2080807652191652,-0.2080807652191652,-104.0403826095826,-104.0403826095826,23.7447301496682,11872.3650748341,LOSS,2026-03-30T02:38:12.515599+00:00
1770318300|SHORT,1770318300,2026-02-05 14:05:00 ET,2026-02-05 14:05:00 ET,24754.25,,1770319500,2026-02-05 14:25:00 ET,2026-02-05 14:25:00 ET,24819.5,,SHORT,3,,,,,,,-0.2883892974836044,-0.2883892974836044,-144.1946487418022,-144.1946487418022,23.456340852184596,11728.170426092298,LOSS,2026-03-30T02:38:12.515635+00:00
1770343200|LONG,1770343200,2026-02-05 21:00:00 ET,2026-02-05 21:00:00 ET,24565.5,,1770360300,2026-02-06 01:45:00 ET,2026-02-06 01:45:00 ET,24557.5,,LONG,55,,,,,,,-0.05756803323205828,-0.05756803323205828,-28.78401661602914,-28.78401661602914,23.398772818952537,11699.386409476268,LOSS,2026-03-30T02:38:12.515681+00:00
1770353400|SHORT,1770353400,2026-02-05 23:50:00 ET,2026-02-05 23:50:00 ET,24441.25,2026-02-06,1770354600,2026-02-06 00:10:00 ET,2026-02-06 00:10:00 ET,24466.25,2026-02-06,SHORT,3,20.0,24466.25,-530.0,20.0,500.0,loss_cap,-1.0,-1.0,-500.0,-500.0,22.398772818952537,11199.386409476268,LOSS,2026-03-30T04:16:29.553213+00:00
1770354600|SHORT,1770354600,2026-02-06 00:10:00 ET,2026-02-06 00:10:00 ET,24465.0,2026-02-06,1770355500,2026-02-06 00:25:00 ET,2026-02-06 00:25:00 ET,24490.0,2026-02-06,SHORT,3,15.0,24490.0,-530.0,20.0,500.0,loss_cap,-1.0,-1.0,-500.0,-500.0,21.398772818952537,10699.386409476268,LOSS,2026-03-30T04:16:29.553235+00:00
1770355500|SHORT,1770355500,2026-02-06 00:25:00 ET,2026-02-06 00:25:00 ET,24490.0,2026-02-06,1770355800,2026-02-06 00:30:00 ET,2026-02-06 00:30:00 ET,24515.0,2026-02-06,SHORT,1,5.0,24515.0,-795.0,20.0,500.0,loss_cap,-1.0,-1.0,-500.0,-500.0,20.398772818952537,10199.386409476268,LOSS,2026-03-30T04:16:29.553251+00:00
1770360900|LONG,1770360900,2026-02-06 01:55:00 ET,2026-02-06 01:55:00 ET,24547.75,,1770377100,2026-02-06 06:25:00 ET,2026-02-06 06:25:00 ET,24820.25,,LONG,53,,,,,,,1.084774986351067,1.084774986351067,542.3874931755335,542.3874931755335,21.483547805303605,10741.773902651801,WIN,2026-03-30T02:38:12.515705+00:00
1770377700|LONG,1770377700,2026-02-06 06:35:00 ET,2026-02-06 06:35:00 ET,24843.25,,1770394500,2026-02-06 11:15:00 ET,2026-02-06 11:15:00 ET,25002.75,,LONG,53,,,,,,,0.6168670188869907,0.6168670188869907,308.4335094434953,308.4335094434953,22.100414824190594,11050.207412095297,WIN,2026-03-30T02:38:12.515728+00:00
1770399000|LONG,1770399000,2026-02-06 12:30:00 ET,2026-02-06 12:30:00 ET,25087.75,,1770414900,2026-02-06 16:55:00 ET,2026-02-06 16:55:00 ET,25097.5,,LONG,50,,,,,,,0.013812183389205757,0.013812183389205757,6.906091694602878,6.906091694602878,22.1142270075798,11057.1135037899,WIN,2026-03-30T02:38:12.515753+00:00
1770631200|SHORT,1770631200,2026-02-09 05:00:00 ET,2026-02-09 05:00:00 ET,25060.75,,1770648000,2026-02-09 09:40:00 ET,2026-02-09 09:40:00 ET,25125.75,,SHORT,55,,,,,,,-0.2866181332729756,-0.2866181332729756,-143.30906663648778,-143.30906663648778,21.827608874306826,10913.804437153412,LOSS,2026-03-30T02:38:12.515810+00:00
1770632400|SHORT,1770632400,2026-02-09 05:20:00 ET,2026-02-09 05:20:00 ET,25040.25,2026-02-09,1770636300,2026-02-09 06:25:00 ET,2026-02-09 06:25:00 ET,25065.25,2026-02-09,SHORT,13,65.0,25065.25,-610.0,20.0,500.0,loss_cap,-1.0,-1.0,-500.0,-500.0,20.827608874306826,10413.804437153412,LOSS,2026-03-30T04:16:29.553617+00:00
1770654900|LONG,1770654900,2026-02-09 11:35:00 ET,2026-02-09 11:35:00 ET,25351.75,,1770671700,2026-02-09 16:15:00 ET,2026-02-09 16:15:00 ET,25371.75,,LONG,55,,,,,,,0.05388287164025396,0.05388287164025396,26.94143582012698,26.94143582012698,20.88149174594708,10440.745872973539,WIN,2026-03-30T02:38:12.515838+00:00
1770734700|SHORT,1770734700,2026-02-10 09:45:00 ET,2026-02-10 09:45:00 ET,25278.25,2026-02-10,1770735000,2026-02-10 09:50:00 ET,2026-02-10 09:50:00 ET,25303.25,2026-02-10,SHORT,1,5.0,25303.25,-1805.0,20.0,500.0,loss_cap,-1.0,-1.0,-500.0,-500.0,19.88149174594708,9940.745872973539,LOSS,2026-03-30T04:16:29.553972+00:00
1770735000|SHORT,1770735000,2026-02-10 09:50:00 ET,2026-02-10 09:50:00 ET,25367.5,2026-02-10,1770735300,2026-02-10 09:55:00 ET,2026-02-10 09:55:00 ET,25392.5,2026-02-10,SHORT,1,5.0,25392.5,-800.0,20.0,500.0,loss_cap,-1.0,-1.0,-500.0,-500.0,18.88149174594708,9440.745872973539,LOSS,2026-03-30T04:16:29.553988+00:00
1770735300|SHORT,1770735300,2026-02-10 09:55:00 ET,2026-02-10 09:55:00 ET,25392.5,2026-02-10,1770735900,2026-02-10 10:05:00 ET,2026-02-10 10:05:00 ET,25417.5,2026-02-10,SHORT,2,10.0,25417.5,-1070.0,20.0,500.0,loss_cap,-1.0,-1.0,-500.0,-500.0,17.88149174594708,8940.745872973539,LOSS,2026-03-30T04:16:29.554007+00:00
1770735900|SHORT,1770735900,2026-02-10 10:05:00 ET,2026-02-10 10:05:00 ET,25435.25,2026-02-10,1770736800,2026-02-10 10:20:00 ET,2026-02-10 10:20:00 ET,25375.75,2026-02-10,SHORT,3,15.0,25460.25,-240.0,20.0,500.0,signal_flat,2.3800000000000003,2.3800000000000003,1190.0,1190.0,20.26149174594708,10130.745872973539,WIN,2026-03-30T04:16:29.554031+00:00
1770754200|SHORT,1770754200,2026-02-10 15:10:00 ET,2026-02-10 15:10:00 ET,25251.25,2026-02-10,1770756300,2026-02-10 15:45:00 ET,2026-02-10 15:45:00 ET,25263.75,2026-02-10,SHORT,7,35.0,25276.25,-480.0,20.0,500.0,signal_flat,-0.5,-0.5,-250.0,-250.0,19.76149174594708,9880.745872973539,LOSS,2026-03-30T04:16:29.554121+00:00
1770755700|SHORT,1770755700,2026-02-10 15:35:00 ET,2026-02-10 15:35:00 ET,25231.25,,1770760500,2026-02-10 16:55:00 ET,2026-02-10 16:55:00 ET,25252.0,,SHORT,15,,,,,,,-0.10752165375168543,-0.10752165375168543,-53.76082687584272,-53.76082687584272,19.653970092195394,9826.985046097696,LOSS,2026-03-30T02:38:12.515902+00:00
1770804300|SHORT,1770804300,2026-02-11 05:05:00 ET,2026-02-11 05:05:00 ET,25155.0,2026-02-11,1770805200,2026-02-11 05:20:00 ET,2026-02-11 05:20:00 ET,25180.0,2026-02-11,SHORT,3,15.0,25180.0,-710.0,20.0,500.0,loss_cap,-1.0,-1.0,-500.0,-500.0,18.653970092195394,9326.985046097696,LOSS,2026-03-30T04:16:29.554289+00:00
1770805200|SHORT,1770805200,2026-02-11 05:20:00 ET,2026-02-11 05:20:00 ET,25187.25,2026-02-11,1770806400,2026-02-11 05:40:00 ET,2026-02-11 05:40:00 ET,25188.25,2026-02-11,SHORT,4,20.0,25212.25,-215.0,20.0,500.0,signal_flat,-0.04,-0.04,-20.0,-20.0,18.613970092195395,9306.985046097696,LOSS,2026-03-30T04:16:29.554316+00:00
1770835500|LONG,1770835500,2026-02-11 13:45:00 ET,2026-02-11 13:45:00 ET,25298.5,,1770846900,2026-02-11 16:55:00 ET,2026-02-11 16:55:00 ET,25287.5,,LONG,37,,,,,,,-0.06846478385239552,-0.06846478385239552,-34.23239192619776,-34.23239192619776,18.545505308343,9272.752654171498,LOSS,2026-03-30T02:38:12.515977+00:00
1770929700|SHORT,1770929700,2026-02-12 15:55:00 ET,2026-02-12 15:55:00 ET,24762.75,,1770933300,2026-02-12 16:55:00 ET,2026-02-12 16:55:00 ET,24832.0,,SHORT,11,,,,,,,-0.30399742295501575,-0.30399742295501575,-151.99871147750787,-151.99871147750787,18.241507885387982,9120.75394269399,LOSS,2026-03-30T02:38:12.516047+00:00
1770964500|SHORT,1770964500,2026-02-13 01:35:00 ET,2026-02-13 01:35:00 ET,24657.0,2026-02-13,1770965100,2026-02-13 01:45:00 ET,2026-02-13 01:45:00 ET,24682.0,2026-02-13,SHORT,2,10.0,24682.0,-560.0,20.0,500.0,loss_cap,-1.0,-1.0,-500.0,-500.0,17.241507885387982,8620.75394269399,LOSS,2026-03-30T04:16:29.554815+00:00
1770965100|SHORT,1770965100,2026-02-13 01:45:00 ET,2026-02-13 01:45:00 ET,24683.75,2026-02-13,1770965400,2026-02-13 01:50:00 ET,2026-02-13 01:50:00 ET,24708.75,2026-02-13,SHORT,1,5.0,24708.75,-515.0,20.0,500.0,loss_cap,-1.0,-1.0,-500.0,-500.0,16.241507885387982,8120.753942693989,LOSS,2026-03-30T04:16:29.554830+00:00
1770965400|SHORT,1770965400,2026-02-13 01:50:00 ET,2026-02-13 01:50:00 ET,24708.25,2026-02-13,1770966000,2026-02-13 02:00:00 ET,2026-02-13 02:00:00 ET,24733.25,2026-02-13,SHORT,2,10.0,24733.25,-720.0,20.0,500.0,loss_cap,-1.0,-1.0,-500.0,-500.0,15.241507885387982,7620.753942693989,LOSS,2026-03-30T04:16:29.554849+00:00
1770966000|SHORT,1770966000,2026-02-13 02:00:00 ET,2026-02-13 02:00:00 ET,24719.5,2026-02-13,1770966600,2026-02-13 02:10:00 ET,2026-02-13 02:10:00 ET,24744.5,2026-02-13,SHORT,2,10.0,24744.5,-505.0,20.0,500.0,loss_cap,-1.0,-1.0,-500.0,-500.0,14.241507885387982,7120.753942693989,LOSS,2026-03-30T04:16:29.554868+00:00
1770982200|SHORT,1770982200,2026-02-13 06:30:00 ET,2026-02-13 06:30:00 ET,24678.0,,1770996600,2026-02-13 10:30:00 ET,2026-02-13 10:30:00 ET,24848.5,,SHORT,47,,,,,,,-0.7186839377048448,-0.7186839377048448,-359.34196885242244,-359.34196885242244,13.522823947683136,6761.411973841567,LOSS,2026-03-30T02:38:12.516122+00:00
1770984300|SHORT,1770984300,2026-02-13 07:05:00 ET,2026-02-13 07:05:00 ET,24688.5,2026-02-13,1770985200,2026-02-13 07:20:00 ET,2026-02-13 07:20:00 ET,24713.5,2026-02-13,SHORT,3,15.0,24713.5,-615.0,20.0,500.0,loss_cap,-1.0,-1.0,-500.0,-500.0,12.522823947683136,6261.411973841567,LOSS,2026-03-30T04:16:29.554947+00:00
1770985200|SHORT,1770985200,2026-02-13 07:20:00 ET,2026-02-13 07:20:00 ET,24708.25,2026-02-13,1770986400,2026-02-13 07:40:00 ET,2026-02-13 07:40:00 ET,24723.0,2026-02-13,SHORT,4,20.0,24733.25,-445.0,20.0,500.0,signal_flat,-0.59,-0.59,-295.0,-295.0,11.932823947683136,5966.411973841567,LOSS,2026-03-30T04:16:29.554974+00:00
1771362600|SHORT,1771362600,2026-02-17 16:10:00 ET,2026-02-17 16:10:00 ET,24777.5,,1771365300,2026-02-17 16:55:00 ET,2026-02-17 16:55:00 ET,24759.0,,SHORT,8,,,,,,,0.04949231728543779,0.04949231728543779,24.746158642718896,24.746158642718896,11.982316264968574,5991.1581324842855,WIN,2026-03-30T02:38:12.516208+00:00
1771369200|SHORT,1771369200,2026-02-17 18:00:00 ET,2026-02-17 18:00:00 ET,24756.25,2026-02-18,1771371000,2026-02-17 18:30:00 ET,2026-02-17 18:30:00 ET,24725.0,2026-02-18,SHORT,6,30.0,24781.25,-250.0,20.0,500.0,signal_flat,1.25,1.25,625.0,625.0,13.232316264968574,6616.1581324842855,WIN,2026-03-30T04:16:29.555384+00:00
1771422600|SHORT,1771422600,2026-02-18 08:50:00 ET,2026-02-18 08:50:00 ET,24824.5,,1771427700,2026-02-18 10:15:00 ET,2026-02-18 10:15:00 ET,25042.0,,SHORT,16,,,,,,,-0.8972517748742637,-0.8972517748742637,-448.62588743713184,-448.62588743713184,12.335064490094311,6167.532245047154,LOSS,2026-03-30T02:38:12.516271+00:00
1771424700|SHORT,1771424700,2026-02-18 09:25:00 ET,2026-02-18 09:25:00 ET,24809.5,2026-02-18,1771425300,2026-02-18 09:35:00 ET,2026-02-18 09:35:00 ET,24834.5,2026-02-18,SHORT,2,10.0,24834.5,-570.0,20.0,500.0,loss_cap,-1.0,-1.0,-500.0,-500.0,11.335064490094311,5667.532245047154,LOSS,2026-03-30T04:16:29.555578+00:00
1771425300|SHORT,1771425300,2026-02-18 09:35:00 ET,2026-02-18 09:35:00 ET,24804.0,2026-02-18,1771425600,2026-02-18 09:40:00 ET,2026-02-18 09:40:00 ET,24829.0,2026-02-18,SHORT,1,5.0,24829.0,-1295.0,20.0,500.0,loss_cap,-1.0,-1.0,-500.0,-500.0,10.335064490094311,5167.532245047154,LOSS,2026-03-30T04:16:29.555594+00:00
1771425600|SHORT,1771425600,2026-02-18 09:40:00 ET,2026-02-18 09:40:00 ET,24850.75,2026-02-18,1771425900,2026-02-18 09:45:00 ET,2026-02-18 09:45:00 ET,24875.75,2026-02-18,SHORT,1,5.0,24875.75,-580.0,20.0,500.0,loss_cap,-1.0,-1.0,-500.0,-500.0,9.335064490094311,4667.532245047154,LOSS,2026-03-30T04:16:29.555610+00:00
1771425900|SHORT,1771425900,2026-02-18 09:45:00 ET,2026-02-18 09:45:00 ET,24802.5,2026-02-18,1771426200,2026-02-18 09:50:00 ET,2026-02-18 09:50:00 ET,24827.5,2026-02-18,SHORT,1,5.0,24827.5,-1840.0,20.0,500.0,loss_cap,-1.0,-1.0,-500.0,-500.0,8.335064490094311,4167.532245047154,LOSS,2026-03-30T04:16:29.555625+00:00
1771426200|SHORT,1771426200,2026-02-18 09:50:00 ET,2026-02-18 09:50:00 ET,24887.0,2026-02-18,1771426500,2026-02-18 09:55:00 ET,2026-02-18 09:55:00 ET,24912.0,2026-02-18,SHORT,1,5.0,24912.0,-1430.0,20.0,500.0,loss_cap,-1.0,-1.0,-500.0,-500.0,7.335064490094311,3667.532245047154,LOSS,2026-03-30T04:16:29.555641+00:00
1771426500|SHORT,1771426500,2026-02-18 09:55:00 ET,2026-02-18 09:55:00 ET,24940.75,2026-02-18,1771426800,2026-02-18 10:00:00 ET,2026-02-18 10:00:00 ET,24965.75,2026-02-18,SHORT,1,5.0,24965.75,-1575.0,20.0,500.0,loss_cap,-1.0,-1.0,-500.0,-500.0,6.335064490094311,3167.532245047154,LOSS,2026-03-30T04:16:29.555656+00:00
1771442700|SHORT,1771442700,2026-02-18 14:25:00 ET,2026-02-18 14:25:00 ET,24992.5,2026-02-18,1771444800,2026-02-18 15:00:00 ET,2026-02-18 15:00:00 ET,24902.0,2026-02-18,SHORT,7,35.0,25017.5,-155.0,20.0,500.0,signal_flat,3.62,3.62,1810.0,1810.0,9.955064490094312,4977.532245047154,WIN,2026-03-30T04:16:29.555745+00:00
1771493700|SHORT,1771493700,2026-02-19 04:35:00 ET,2026-02-19 04:35:00 ET,24908.75,2026-02-19,1771495800,2026-02-19 05:10:00 ET,2026-02-19 05:10:00 ET,24838.0,2026-02-19,SHORT,7,35.0,24933.75,-190.0,20.0,500.0,signal_flat,2.83,2.83,1415.0,1415.0,12.785064490094312,6392.532245047154,WIN,2026-03-30T04:16:29.555923+00:00
1771494000|SHORT,1771494000,2026-02-19 04:40:00 ET,2026-02-19 04:40:00 ET,24898.25,,1771510800,2026-02-19 09:20:00 ET,2026-02-19 09:20:00 ET,24867.75,,SHORT,55,,,,,,,0.09544584531873124,0.09544584531873124,47.72292265936562,47.72292265936562,12.880510335413042,6440.255167706519,WIN,2026-03-30T02:38:12.516346+00:00
1771585200|SHORT,1771585200,2026-02-20 06:00:00 ET,2026-02-20 06:00:00 ET,24850.75,,1771602000,2026-02-20 10:40:00 ET,2026-02-20 10:40:00 ET,25007.75,,SHORT,55,,,,,,,-0.6606907066075807,-0.6606907066075807,-330.3453533037903,-330.3453533037903,12.219819628805462,6109.909814402729,LOSS,2026-03-30T02:38:12.516414+00:00
1771587300|SHORT,1771587300,2026-02-20 06:35:00 ET,2026-02-20 06:35:00 ET,24866.0,2026-02-20,1771589400,2026-02-20 07:10:00 ET,2026-02-20 07:10:00 ET,24840.25,2026-02-20,SHORT,7,35.0,24891.0,-100.0,20.0,500.0,signal_flat,1.03,1.03,515.0,515.0,13.249819628805461,6624.909814402729,WIN,2026-03-30T04:16:29.556270+00:00
1771803600|SHORT,1771803600,2026-02-22 18:40:00 ET,2026-02-22 18:40:00 ET,24941.5,2026-02-23,1771803900,2026-02-22 18:45:00 ET,2026-02-22 18:45:00 ET,24966.5,2026-02-23,SHORT,1,5.0,24966.5,-740.0,20.0,500.0,loss_cap,-1.0,-1.0,-500.0,-500.0,12.249819628805461,6124.909814402729,LOSS,2026-03-30T04:16:29.556417+00:00
1771803900|SHORT,1771803900,2026-02-22 18:45:00 ET,2026-02-22 18:45:00 ET,24972.0,2026-02-23,1771806900,2026-02-22 19:35:00 ET,2026-02-22 19:35:00 ET,24885.75,2026-02-23,SHORT,10,50.0,24997.0,-220.0,20.0,500.0,signal_flat,3.45,3.45,1725.0,1725.0,15.69981962880546,7849.909814402729,WIN,2026-03-30T04:16:29.556473+00:00
1771804200|SHORT,1771804200,2026-02-22 18:50:00 ET,2026-02-22 18:50:00 ET,24956.75,,1771821000,2026-02-22 23:30:00 ET,2026-02-22 23:30:00 ET,24830.5,,SHORT,55,,,,,,,0.4822356587629084,0.4822356587629084,241.11782938145421,241.11782938145421,16.182055287568367,8091.027643784184,WIN,2026-03-30T02:38:12.516454+00:00
1771837500|LONG,1771837500,2026-02-23 04:05:00 ET,2026-02-23 04:05:00 ET,24974.5,,1771854300,2026-02-23 08:45:00 ET,2026-02-23 08:45:00 ET,24950.25,,LONG,55,,,,,,,-0.12205478128474168,-0.12205478128474168,-61.02739064237084,-61.02739064237084,16.060000506283625,8030.000253141813,LOSS,2026-03-30T02:38:12.516489+00:00
1771866600|SHORT,1771866600,2026-02-23 12:10:00 ET,2026-02-23 12:10:00 ET,24733.25,,1771883400,2026-02-23 16:50:00 ET,2026-02-23 16:50:00 ET,24781.0,,SHORT,55,,,,,,,-0.2201518051744622,-0.2201518051744622,-110.0759025872311,-110.0759025872311,15.839848701109164,7919.924350554582,LOSS,2026-03-30T02:38:12.516520+00:00
1771952400|LONG,1771952400,2026-02-24 12:00:00 ET,2026-02-24 12:00:00 ET,25030.5,,1771969200,2026-02-24 16:40:00 ET,2026-02-24 16:40:00 ET,25021.25,,LONG,55,,,,,,,-0.06192547476735477,-0.06192547476735477,-30.962737383677386,-30.962737383677386,15.777923226341809,7888.9616131709045,LOSS,2026-03-30T02:38:12.516586+00:00
1772029800|LONG,1772029800,2026-02-25 09:30:00 ET,2026-02-25 09:30:00 ET,25223.0,,1772046600,2026-02-25 14:10:00 ET,2026-02-25 14:10:00 ET,25370.0,,LONG,55,,,,,,,0.5576793659984425,0.5576793659984425,278.8396829992212,278.8396829992212,16.33560259234025,8167.801296170126,WIN,2026-03-30T02:38:12.516647+00:00
1772064600|SHORT,1772064600,2026-02-25 19:10:00 ET,2026-02-25 19:10:00 ET,25331.5,,1772081400,2026-02-25 23:50:00 ET,2026-02-25 23:50:00 ET,25300.25,,SHORT,55,,,,,,,0.09790930173245727,0.09790930173245727,48.95465086622863,48.95465086622863,16.43351189407271,8216.755947036354,WIN,2026-03-30T02:38:12.516681+00:00
1772116800|SHORT,1772116800,2026-02-26 09:40:00 ET,2026-02-26 09:40:00 ET,25265.25,2026-02-26,1772118900,2026-02-26 10:15:00 ET,2026-02-26 10:15:00 ET,24952.75,2026-02-26,SHORT,7,35.0,25290.25,-15.0,20.0,500.0,signal_flat,12.5,12.5,6250.0,6250.0,28.93351189407271,14466.755947036354,WIN,2026-03-30T04:16:29.557514+00:00
1772117100|SHORT,1772117100,2026-02-26 09:45:00 ET,2026-02-26 09:45:00 ET,25230.25,,1772133900,2026-02-26 14:25:00 ET,2026-02-26 14:25:00 ET,25078.75,,SHORT,55,,,,,,,0.5699347111707942,0.5699347111707942,284.9673555853971,284.9673555853971,29.503446605243504,14751.723302621751,WIN,2026-03-30T02:38:12.516727+00:00
1772118600|SHORT,1772118600,2026-02-26 10:10:00 ET,2026-02-26 10:10:00 ET,25067.0,2026-02-26,1772122800,2026-02-26 11:20:00 ET,2026-02-26 11:20:00 ET,25050.5,2026-02-26,SHORT,14,70.0,25092.0,-55.0,20.0,500.0,signal_flat,0.66,0.66,330.0,330.0,30.163446605243504,15081.723302621751,WIN,2026-03-30T03:21:20.309316+00:00
1772133600|LONG,1772133600,2026-02-26 14:20:00 ET,2026-02-26 14:20:00 ET,25078.75,,1772142900,2026-02-26 16:55:00 ET,2026-02-26 16:55:00 ET,25039.5,,LONG,30,,,,,,,-0.18149826979568795,-0.18149826979568795,-90.74913489784397,-90.74913489784397,29.981948335447814,14990.974167723907,LOSS,2026-03-30T02:38:12.516743+00:00
1772192100|SHORT,1772192100,2026-02-27 06:35:00 ET,2026-02-27 06:35:00 ET,24963.5,2026-02-27,1772194200,2026-02-27 07:10:00 ET,2026-02-27 07:10:00 ET,24977.5,2026-02-27,SHORT,7,35.0,24988.5,-320.0,20.0,500.0,signal_flat,-0.5599999999999999,-0.5599999999999999,-280.0,-280.0,29.421948335447816,14710.974167723907,LOSS,2026-03-30T04:16:29.557776+00:00
1772196000|SHORT,1772196000,2026-02-27 07:40:00 ET,2026-02-27 07:40:00 ET,24928.0,,1772212800,2026-02-27 12:20:00 ET,2026-02-27 12:20:00 ET,24942.25,,SHORT,55,,,,,,,-0.09004818063532705,-0.09004818063532705,-45.02409031766352,-45.02409031766352,29.331900154812487,14665.950077406244,LOSS,2026-03-30T02:38:12.516809+00:00
1772196600|SHORT,1772196600,2026-02-27 07:50:00 ET,2026-02-27 07:50:00 ET,24921.75,2026-02-27,1772199300,2026-02-27 08:35:00 ET,2026-02-27 08:35:00 ET,24823.75,2026-02-27,SHORT,9,45.0,24946.75,-420.0,20.0,500.0,signal_flat,3.92,3.92,1960.0,1960.0,33.25190015481249,16625.950077406244,WIN,2026-03-30T04:16:29.557830+00:00
1772217900|SHORT,1772217900,2026-02-27 13:45:00 ET,2026-02-27 13:45:00 ET,24905.25,,1772229300,2026-02-27 16:55:00 ET,2026-02-27 16:55:00 ET,24945.25,,SHORT,37,,,,,,,-0.18721630282237944,-0.18721630282237944,-93.60815141118972,-93.60815141118972,33.06468385199011,16532.341925995053,LOSS,2026-03-30T02:38:12.516830+00:00
1772413800|LONG,1772413800,2026-03-01 20:10:00 ET,2026-03-01 20:10:00 ET,24873.75,,1772429100,2026-03-02 00:25:00 ET,2026-03-02 00:25:00 ET,24722.75,,LONG,50,,,,,,,-0.6319109187110872,-0.6319109187110872,-315.9554593555436,-315.9554593555436,32.432772933279026,16216.38646663951,LOSS,2026-03-30T02:38:12.516867+00:00
1772428800|SHORT,1772428800,2026-03-02 00:20:00 ET,2026-03-02 00:20:00 ET,24722.75,,1772445600,2026-03-02 05:00:00 ET,2026-03-02 05:00:00 ET,24629.0,,SHORT,55,,,,,,,0.3525405661860548,0.3525405661860548,176.2702830930274,176.2702830930274,32.78531349946508,16392.656749732538,WIN,2026-03-30T02:38:12.516891+00:00
1772432700|SHORT,1772432700,2026-03-02 01:25:00 ET,2026-03-02 01:25:00 ET,24669.75,2026-03-02,1772434800,2026-03-02 02:00:00 ET,2026-03-02 02:00:00 ET,24587.5,2026-03-02,SHORT,7,35.0,24694.75,-190.0,20.0,500.0,signal_flat,3.29,3.29,1645.0,1645.0,36.07531349946508,18037.656749732538,WIN,2026-03-30T04:16:29.558045+00:00
1772445300|LONG,1772445300,2026-03-02 04:55:00 ET,2026-03-02 04:55:00 ET,24629.0,,1772462100,2026-03-02 09:35:00 ET,2026-03-02 09:35:00 ET,24832.75,,LONG,55,,,,,,,0.8021070142628872,0.8021070142628872,401.0535071314436,401.0535071314436,36.87742051372797,18438.710256863982,WIN,2026-03-30T02:38:12.516915+00:00
1772474700|LONG,1772474700,2026-03-02 13:05:00 ET,2026-03-02 13:05:00 ET,25046.25,,1772488500,2026-03-02 16:55:00 ET,2026-03-02 16:55:00 ET,24996.0,,LONG,45,,,,,,,-0.22557544237282734,-0.22557544237282734,-112.78772118641368,-112.78772118641368,36.65184507135514,18325.922535677568,LOSS,2026-03-30T02:38:12.516944+00:00
1772496600|SHORT,1772496600,2026-03-02 19:10:00 ET,2026-03-02 19:10:00 ET,24947.5,,1772513400,2026-03-02 23:50:00 ET,2026-03-02 23:50:00 ET,24803.5,,SHORT,55,,,,,,,0.5539531780807572,0.5539531780807572,276.9765890403786,276.9765890403786,37.2057982494359,18602.899124717947,WIN,2026-03-30T02:38:12.516979+00:00
1772503800|SHORT,1772503800,2026-03-02 21:10:00 ET,2026-03-02 21:10:00 ET,24857.0,2026-03-03,1772505900,2026-03-02 21:45:00 ET,2026-03-02 21:45:00 ET,24874.75,2026-03-03,SHORT,7,35.0,24882.0,-445.0,20.0,500.0,signal_flat,-0.7100000000000001,-0.7100000000000001,-355.0,-355.0,36.4957982494359,18247.899124717947,LOSS,2026-03-30T04:16:29.558296+00:00
1772508300|SHORT,1772508300,2026-03-02 22:25:00 ET,2026-03-02 22:25:00 ET,24823.25,2026-03-03,1772508900,2026-03-02 22:35:00 ET,2026-03-02 22:35:00 ET,24848.25,2026-03-03,SHORT,2,10.0,24848.25,-935.0,20.0,500.0,loss_cap,-1.0,-1.0,-500.0,-500.0,35.4957982494359,17747.899124717947,LOSS,2026-03-30T04:16:29.558327+00:00
1772508900|SHORT,1772508900,2026-03-02 22:35:00 ET,2026-03-02 22:35:00 ET,24868.75,2026-03-03,1772510400,2026-03-02 23:00:00 ET,2026-03-02 23:00:00 ET,24832.25,2026-03-03,SHORT,5,25.0,24893.75,-225.0,20.0,500.0,signal_flat,1.46,1.46,730.0,730.0,36.9557982494359,18477.899124717947,WIN,2026-03-30T04:16:29.558360+00:00
1772522700|SHORT,1772522700,2026-03-03 02:25:00 ET,2026-03-03 02:25:00 ET,24703.75,2026-03-03,1772524800,2026-03-03 03:00:00 ET,2026-03-03 03:00:00 ET,24679.0,2026-03-03,SHORT,7,35.0,24728.75,-195.0,20.0,500.0,signal_flat,0.9900000000000001,0.9900000000000001,495.0,495.0,37.9457982494359,18972.899124717947,WIN,2026-03-30T04:16:29.558438+00:00
1772523300|SHORT,1772523300,2026-03-03 02:35:00 ET,2026-03-03 02:35:00 ET,24686.75,,1772540100,2026-03-03 07:15:00 ET,2026-03-03 07:15:00 ET,24555.25,,SHORT,55,,,,,,,0.504945788557909,0.504945788557909,252.47289427895447,252.47289427895447,38.450744037993815,19225.372018996903,WIN,2026-03-30T02:38:12.517009+00:00
1772541000|LONG,1772541000,2026-03-03 07:30:00 ET,2026-03-03 07:30:00 ET,24578.25,,1772557800,2026-03-03 12:10:00 ET,2026-03-03 12:10:00 ET,24638.0,,LONG,55,,,,,,,0.21803524134653696,0.21803524134653696,109.01762067326848,109.01762067326848,38.66877927934035,19334.38963967017,WIN,2026-03-30T02:38:12.517033+00:00
1772591400|SHORT,1772591400,2026-03-03 21:30:00 ET,2026-03-03 21:30:00 ET,24599.0,,1772608500,2026-03-04 02:15:00 ET,2026-03-04 02:15:00 ET,24543.0,,SHORT,55,,,,,,,0.19955033181819903,0.19955033181819903,99.77516590909951,99.77516590909951,38.86832961115855,19434.164805579272,WIN,2026-03-30T02:38:12.517076+00:00
1772594400|SHORT,1772594400,2026-03-03 22:20:00 ET,2026-03-03 22:20:00 ET,24573.75,,1772610900,2026-03-04 02:55:00 ET,2026-03-04 02:55:00 ET,24663.25,,SHORT,53,,,,,,,-0.39116605451442465,-0.39116605451442465,-195.58302725721234,-195.58302725721234,38.47716355664413,19238.58177832206,LOSS,2026-03-30T02:36:16.885769+00:00
1772610600|LONG,1772610600,2026-03-04 02:50:00 ET,2026-03-04 02:50:00 ET,24663.25,,1772627400,2026-03-04 07:30:00 ET,2026-03-04 07:30:00 ET,24731.25,,LONG,55,,,,,,,0.2506385828907387,0.2506385828907387,125.31929144536934,125.31929144536934,38.727802139534866,19363.901069767428,WIN,2026-03-30T02:38:12.517102+00:00
1772633100|LONG,1772633100,2026-03-04 09:05:00 ET,2026-03-04 09:05:00 ET,24875.25,,1772649900,2026-03-04 13:45:00 ET,2026-03-04 13:45:00 ET,25200.25,,LONG,55,,,,,,,1.2812150279081003,1.2812150279081003,640.6075139540501,640.6075139540501,40.00901716744296,20004.50858372148,WIN,2026-03-30T02:38:12.517129+00:00
1772650800|LONG,1772650800,2026-03-04 14:00:00 ET,2026-03-04 14:00:00 ET,25208.75,,1772661300,2026-03-04 16:55:00 ET,2026-03-04 16:55:00 ET,25146.75,,LONG,34,,,,,,,-0.2708893139622526,-0.2708893139622526,-135.4446569811263,-135.4446569811263,39.73812785348071,19869.063926740353,LOSS,2026-03-30T02:38:12.517151+00:00
1772675700|SHORT,1772675700,2026-03-04 20:55:00 ET,2026-03-04 20:55:00 ET,25071.0,,1772692800,2026-03-05 01:40:00 ET,2026-03-05 01:40:00 ET,25002.25,,SHORT,55,,,,,,,0.24834246122900083,0.24834246122900083,124.17123061450042,124.17123061450042,39.98647031470971,19993.235157354855,WIN,2026-03-30T02:38:12.517192+00:00
1772717400|SHORT,1772717400,2026-03-05 08:30:00 ET,2026-03-05 08:30:00 ET,25025.5,2026-03-05,1772721000,2026-03-05 09:30:00 ET,2026-03-05 09:30:00 ET,25050.5,2026-03-05,SHORT,12,60.0,25050.5,-1390.0,20.0,500.0,loss_cap,-1.0,-1.0,-500.0,-500.0,38.98647031470971,19493.235157354855,LOSS,2026-03-30T04:16:29.559065+00:00
1772718900|SHORT,1772718900,2026-03-05 08:55:00 ET,2026-03-05 08:55:00 ET,24993.75,,1772735700,2026-03-05 13:35:00 ET,2026-03-05 13:35:00 ET,24797.25,,SHORT,55,,,,,,,0.7539295822467151,0.7539295822467151,376.96479112335754,376.96479112335754,39.740399896956426,19870.199948478214,WIN,2026-03-30T02:38:12.517233+00:00
1772742300|LONG,1772742300,2026-03-05 15:25:00 ET,2026-03-05 15:25:00 ET,24955.0,,1772747700,2026-03-05 16:55:00 ET,2026-03-05 16:55:00 ET,25009.75,,LONG,17,,,,,,,0.19436964517483002,0.19436964517483002,97.18482258741501,97.18482258741501,39.93476954213126,19967.38477106563,WIN,2026-03-30T02:38:12.517250+00:00
1772773800|LONG,1772773800,2026-03-06 00:10:00 ET,2026-03-06 00:10:00 ET,25127.75,,1772788800,2026-03-06 04:20:00 ET,2026-03-06 04:20:00 ET,24999.0,,LONG,49,,,,,,,-0.5372551187465491,-0.5372551187465491,-268.62755937327455,-268.62755937327455,39.397514423384706,19698.757211692355,LOSS,2026-03-30T01:44:45.481440+00:00
1772788500|SHORT,1772788500,2026-03-06 04:15:00 ET,2026-03-06 04:15:00 ET,24999.0,,1772807100,2026-03-06 09:25:00 ET,2026-03-06 09:25:00 ET,24645.25,,SHORT,61,,,,,,,1.4060628387749796,1.4060628387749796,703.0314193874898,703.0314193874898,40.803577262159685,20401.788631079846,WIN,2026-03-30T02:38:12.517310+00:00
1772788800|SHORT,1772788800,2026-03-06 04:20:00 ET,2026-03-06 04:20:00 ET,24983.25,2026-03-06,1772790900,2026-03-06 04:55:00 ET,2026-03-06 04:55:00 ET,24920.75,2026-03-06,SHORT,7,35.0,25008.25,-180.0,20.0,500.0,signal_flat,2.5,2.5,1250.0,1250.0,43.303577262159685,21651.788631079846,WIN,2026-03-30T04:16:29.559294+00:00
1772800800|SHORT,1772800800,2026-03-06 07:40:00 ET,2026-03-06 07:40:00 ET,24844.75,2026-03-06,1772802900,2026-03-06 08:15:00 ET,2026-03-06 08:15:00 ET,24845.25,2026-03-06,SHORT,7,35.0,24869.75,-375.0,20.0,500.0,signal_flat,-0.02,-0.02,-10.0,-10.0,43.28357726215968,21641.788631079846,LOSS,2026-03-30T04:16:29.559358+00:00
1772808300|SHORT,1772808300,2026-03-06 09:45:00 ET,2026-03-06 09:45:00 ET,24675.25,,1772824500,2026-03-06 14:15:00 ET,2026-03-06 14:15:00 ET,24843.25,,SHORT,53,,,,,,,-0.7120424513647694,-0.7120424513647694,-356.0212256823847,-356.0212256823847,42.571534810794915,21285.767405397462,LOSS,2026-03-30T01:44:45.481489+00:00
1773012600|SHORT,1773012600,2026-03-08 19:30:00 ET,2026-03-08 19:30:00 ET,24259.5,2026-03-09,1773016800,2026-03-08 20:40:00 ET,2026-03-08 20:40:00 ET,24139.75,2026-03-09,SHORT,14,70.0,24284.5,-210.0,20.0,500.0,signal_flat,4.79,4.79,2395.0,2395.0,47.361534810794915,23680.767405397462,WIN,2026-03-30T03:21:20.310924+00:00
1773020700|SHORT,1773020700,2026-03-08 21:45:00 ET,2026-03-08 21:45:00 ET,24033.0,,1773033900,2026-03-09 01:25:00 ET,2026-03-09 01:25:00 ET,24199.0,,SHORT,43,,,,,,,-0.7131035377168748,-0.7131035377168748,-356.5517688584374,-356.5517688584374,46.64843127307804,23324.215636539026,LOSS,2026-03-30T01:44:45.481534+00:00
1773033600|LONG,1773033600,2026-03-09 01:20:00 ET,2026-03-09 01:20:00 ET,24199.0,,1773050400,2026-03-09 06:00:00 ET,2026-03-09 06:00:00 ET,24419.75,,LONG,55,,,,,,,0.8870038904727151,0.8870038904727151,443.5019452363575,443.5019452363575,47.53543516355075,23767.71758177538,WIN,2026-03-30T02:38:12.517380+00:00
1773051300|LONG,1773051300,2026-03-09 06:15:00 ET,2026-03-09 06:15:00 ET,24393.75,,1773068100,2026-03-09 10:55:00 ET,2026-03-09 10:55:00 ET,24577.0,,LONG,55,,,,,,,0.7260253356377033,0.7260253356377033,363.01266781885164,363.01266781885164,48.26146049918845,24130.73024959423,WIN,2026-03-30T01:44:45.481577+00:00
1773058800|LONG,1773058800,2026-03-09 08:20:00 ET,2026-03-09 08:20:00 ET,24453.75,,1773076200,2026-03-09 13:10:00 ET,2026-03-09 13:10:00 ET,24686.0,,LONG,57,,,,,,,0.9245125807288312,0.9245125807288312,462.25629036441563,462.25629036441563,49.18597307991728,24592.986539958645,WIN,2026-03-30T02:38:12.517410+00:00
1773072300|LONG,1773072300,2026-03-09 12:05:00 ET,2026-03-09 12:05:00 ET,24662.0,,1773089100,2026-03-09 16:45:00 ET,2026-03-09 16:45:00 ET,24960.0,,LONG,55,,,,,,,1.1830359105507116,1.1830359105507116,591.5179552753558,591.5179552753558,50.369008990468,25184.504495234,WIN,2026-03-30T01:44:45.481601+00:00
1773076800|LONG,1773076800,2026-03-09 13:20:00 ET,2026-03-09 13:20:00 ET,24619.25,,1773089700,2026-03-09 16:55:00 ET,2026-03-09 16:55:00 ET,24962.0,,LONG,42,,,,,,,1.3668492831689916,1.3668492831689916,683.4246415844958,683.4246415844958,51.735858273636985,25867.929136818497,WIN,2026-03-30T02:38:12.517430+00:00
1773094800|SHORT,1773094800,2026-03-09 18:20:00 ET,2026-03-09 18:20:00 ET,24885.25,,1773107700,2026-03-09 21:55:00 ET,2026-03-09 21:55:00 ET,24986.25,,SHORT,42,,,,,,,-0.4315415710514525,-0.4315415710514525,-215.77078552572627,-215.77078552572627,51.30431670258553,25652.158351292772,LOSS,2026-03-30T02:38:12.517458+00:00
1773107400|LONG,1773107400,2026-03-09 21:50:00 ET,2026-03-09 21:50:00 ET,24986.25,,1773110100,2026-03-09 22:35:00 ET,2026-03-09 22:35:00 ET,24951.5,,LONG,8,,,,,,,-0.1640399745422072,-0.1640399745422072,-82.0199872711036,-82.0199872711036,51.140276728043325,25570.13836402167,LOSS,2026-03-30T02:38:12.517468+00:00
1773127200|LONG,1773127200,2026-03-10 03:20:00 ET,2026-03-10 03:20:00 ET,25039.25,,1773143100,2026-03-10 07:45:00 ET,2026-03-10 07:45:00 ET,24973.5,,LONG,52,,,,,,,-0.28750144435554237,-0.28750144435554237,-143.7507221777712,-143.7507221777712,50.852775283687784,25426.3876418439,LOSS,2026-03-30T02:31:10.514452+00:00
1773142800|SHORT,1773142800,2026-03-10 07:40:00 ET,2026-03-10 07:40:00 ET,24973.5,,1773150600,2026-03-10 09:50:00 ET,2026-03-10 09:50:00 ET,25046.5,,SHORT,25,,,,,,,-0.3176223140719081,-0.3176223140719081,-158.81115703595407,-158.81115703595407,50.53515296961588,25267.576484807945,LOSS,2026-03-30T02:31:10.514467+00:00
1773150300|LONG,1773150300,2026-03-10 09:45:00 ET,2026-03-10 09:45:00 ET,25046.5,,1773167100,2026-03-10 14:25:00 ET,2026-03-10 14:25:00 ET,25030.75,,LONG,55,,,,,,,-0.08792079812314224,-0.08792079812314224,-43.960399061571124,-43.960399061571124,50.447232171492736,25223.616085746373,LOSS,2026-03-30T02:31:10.514490+00:00
1773214500|SHORT,1773214500,2026-03-11 03:35:00 ET,2026-03-11 03:35:00 ET,24959.0,,1773231300,2026-03-11 08:15:00 ET,2026-03-11 08:15:00 ET,24955.75,,SHORT,55,,,,,,,-0.014224124308026553,-0.014224124308026553,-7.112062154013277,-7.112062154013277,50.43300804718471,25216.50402359236,LOSS,2026-03-30T02:38:12.517567+00:00
1773219600|SHORT,1773219600,2026-03-11 05:00:00 ET,2026-03-11 05:00:00 ET,24928.75,2026-03-11,1773220500,2026-03-11 05:15:00 ET,2026-03-11 05:15:00 ET,24953.75,2026-03-11,SHORT,3,15.0,24953.75,-515.0,20.0,500.0,loss_cap,-1.0,-1.0,-500.0,-500.0,49.43300804718471,24716.50402359236,LOSS,2026-03-30T04:16:29.560098+00:00
1773220500|SHORT,1773220500,2026-03-11 05:15:00 ET,2026-03-11 05:15:00 ET,24950.25,2026-03-11,1773221700,2026-03-11 05:35:00 ET,2026-03-11 05:35:00 ET,24933.75,2026-03-11,SHORT,4,20.0,24975.25,-410.0,20.0,500.0,signal_flat,0.66,0.66,330.0,330.0,50.0930080471847,25046.50402359236,WIN,2026-03-30T04:16:29.560125+00:00
1773236100|LONG,1773236100,2026-03-11 09:35:00 ET,2026-03-11 09:35:00 ET,25102.75,,1773252900,2026-03-11 14:15:00 ET,2026-03-11 14:15:00 ET,24913.0,,LONG,55,,,,,,,-0.7807379557627225,-0.7807379557627225,-390.3689778813613,-390.3689778813613,49.31227009142198,24656.135045711,LOSS,2026-03-30T01:44:45.481787+00:00
1773252900|SHORT,1773252900,2026-03-11 14:15:00 ET,2026-03-11 14:15:00 ET,24922.25,,1773262500,2026-03-11 16:55:00 ET,2026-03-11 16:55:00 ET,24949.5,,SHORT,31,,,,,,,-0.13530247716934118,-0.13530247716934118,-67.6512385846706,-67.6512385846706,49.17696761425264,24588.48380712633,LOSS,2026-03-30T02:38:12.517598+00:00
1773253500|SHORT,1773253500,2026-03-11 14:25:00 ET,2026-03-11 14:25:00 ET,24947.0,,1773254700,2026-03-11 14:45:00 ET,2026-03-11 14:45:00 ET,24943.0,,SHORT,3,,,,,,,-0.009074022365773704,-0.009074022365773704,-4.537011182886852,-4.537011182886852,49.167893591886866,24583.946795943444,LOSS,2026-03-30T01:44:45.481795+00:00
1773269400|SHORT,1773269400,2026-03-11 18:50:00 ET,2026-03-11 18:50:00 ET,24835.5,2026-03-12,1773271800,2026-03-11 19:30:00 ET,2026-03-11 19:30:00 ET,24758.5,2026-03-12,SHORT,8,40.0,24860.5,-365.0,20.0,500.0,signal_flat,3.08,3.08,1540.0,1540.0,52.247893591886864,26123.946795943444,WIN,2026-03-30T04:16:29.560301+00:00
1773277200|SHORT,1773277200,2026-03-11 21:00:00 ET,2026-03-11 21:00:00 ET,24793.25,,1773294000,2026-03-12 01:40:00 ET,2026-03-12 01:40:00 ET,24761.25,,SHORT,54,,,,,,,0.10288621876948234,0.10288621876948234,51.44310938474117,51.44310938474117,52.35077981065635,26175.389905328186,WIN,2026-03-30T02:38:12.517638+00:00
1773287700|SHORT,1773287700,2026-03-11 23:55:00 ET,2026-03-11 23:55:00 ET,24726.5,,1773294000,2026-03-12 01:40:00 ET,2026-03-12 01:40:00 ET,24761.25,,SHORT,19,,,,,,,-0.1657321280069235,-0.1657321280069235,-82.86606400346174,-82.86606400346174,52.185047682649426,26092.523841324724,LOSS,2026-03-30T01:44:45.481824+00:00
1773302100|LONG,1773302100,2026-03-12 03:55:00 ET,2026-03-12 03:55:00 ET,24871.75,,1773318900,2026-03-12 08:35:00 ET,2026-03-12 08:35:00 ET,24816.0,,LONG,55,,,,,,,-0.2490718070823128,-0.2490718070823128,-124.5359035411564,-124.5359035411564,51.93597587556711,25967.987937783568,LOSS,2026-03-30T02:38:12.517668+00:00
1773321300|SHORT,1773321300,2026-03-12 09:15:00 ET,2026-03-12 09:15:00 ET,24784.75,,1773338100,2026-03-12 13:55:00 ET,2026-03-12 13:55:00 ET,24622.75,,SHORT,55,,,,,,,0.622941546193112,0.622941546193112,311.470773096556,311.470773096556,52.55891742176022,26279.458710880124,WIN,2026-03-30T02:38:12.517693+00:00
1773345300|SHORT,1773345300,2026-03-12 15:55:00 ET,2026-03-12 15:55:00 ET,24555.75,,1773348900,2026-03-12 16:55:00 ET,2026-03-12 16:55:00 ET,24570.75,,SHORT,11,,,,,,,-0.08631678922244035,-0.08631678922244035,-43.158394611220174,-43.158394611220174,52.47260063253778,26236.300316268906,LOSS,2026-03-30T02:38:12.517709+00:00
1773366300|LONG,1773366300,2026-03-12 21:45:00 ET,2026-03-12 21:45:00 ET,24627.25,,1773383100,2026-03-13 02:25:00 ET,2026-03-13 02:25:00 ET,24565.5,,LONG,54,,,,,,,-0.2756806373061971,-0.2756806373061971,-137.84031865309854,-137.84031865309854,52.19691999523158,26098.459997615806,LOSS,2026-03-30T02:38:12.517752+00:00
1773385200|SHORT,1773385200,2026-03-13 03:00:00 ET,2026-03-13 03:00:00 ET,24457.0,2026-03-13,1773388800,2026-03-13 04:00:00 ET,2026-03-13 04:00:00 ET,24421.75,2026-03-13,SHORT,12,60.0,24482.0,-370.0,20.0,500.0,signal_flat,1.41,1.41,705.0,705.0,53.60691999523158,26803.459997615806,WIN,2026-03-30T04:16:29.560680+00:00
1773390900|SHORT,1773390900,2026-03-13 04:35:00 ET,2026-03-13 04:35:00 ET,24472.25,2026-03-13,1773391800,2026-03-13 04:50:00 ET,2026-03-13 04:50:00 ET,24497.25,2026-03-13,SHORT,3,15.0,24497.25,-1040.0,20.0,500.0,loss_cap,-1.0,-1.0,-500.0,-500.0,52.60691999523158,26303.459997615806,LOSS,2026-03-30T04:16:29.560708+00:00
1773391800|SHORT,1773391800,2026-03-13 04:50:00 ET,2026-03-13 04:50:00 ET,24511.0,2026-03-13,1773392400,2026-03-13 05:00:00 ET,2026-03-13 05:00:00 ET,24536.0,2026-03-13,SHORT,2,10.0,24536.0,-1265.0,20.0,500.0,loss_cap,-1.0,-1.0,-500.0,-500.0,51.60691999523158,25803.459997615806,LOSS,2026-03-30T04:16:29.560727+00:00
1773392400|SHORT,1773392400,2026-03-13 05:00:00 ET,2026-03-13 05:00:00 ET,24549.25,2026-03-13,1773393000,2026-03-13 05:10:00 ET,2026-03-13 05:10:00 ET,24532.5,2026-03-13,SHORT,2,10.0,24574.25,-125.0,20.0,500.0,signal_flat,0.67,0.67,335.0,335.0,52.27691999523158,26138.459997615806,WIN,2026-03-30T04:16:29.560749+00:00
1773395100|LONG,1773395100,2026-03-13 05:45:00 ET,2026-03-13 05:45:00 ET,24536.5,,1773411900,2026-03-13 10:25:00 ET,2026-03-13 10:25:00 ET,24672.0,,LONG,55,,,,,,,0.5271032593042513,0.5271032593042513,263.55162965212565,263.55162965212565,52.804023254535835,26402.011627267933,WIN,2026-03-30T02:31:10.514774+00:00
1773618600|LONG,1773618600,2026-03-15 19:50:00 ET,2026-03-15 19:50:00 ET,24454.5,,1773635400,2026-03-16 00:30:00 ET,2026-03-16 00:30:00 ET,24533.0,,LONG,55,,,,,,,0.29590866978812524,0.29590866978812524,147.9543348940626,147.9543348940626,53.09993192432396,26549.965962161998,WIN,2026-03-30T02:38:12.517827+00:00
1773660900|LONG,1773660900,2026-03-16 07:35:00 ET,2026-03-16 07:35:00 ET,24616.0,,1773677700,2026-03-16 12:15:00 ET,2026-03-16 12:15:00 ET,24895.0,,LONG,55,,,,,,,1.108140183853168,1.108140183853168,554.0700919265839,554.0700919265839,54.20807210817713,27104.03605408858,WIN,2026-03-30T02:38:12.517870+00:00
1773684000|LONG,1773684000,2026-03-16 14:00:00 ET,2026-03-16 14:00:00 ET,24913.0,,1773694200,2026-03-16 16:50:00 ET,2026-03-16 16:50:00 ET,24872.5,,LONG,33,,,,,,,-0.1875125703238556,-0.1875125703238556,-93.75628516192779,-93.75628516192779,54.02055953785327,27010.27976892665,LOSS,2026-03-30T02:38:12.517891+00:00
1773750600|LONG,1773750600,2026-03-17 08:30:00 ET,2026-03-17 08:30:00 ET,24932.25,,1773767400,2026-03-17 13:10:00 ET,2026-03-17 13:10:00 ET,25029.25,,LONG,55,,,,,,,0.36395329828251555,0.36395329828251555,181.97664914125778,181.97664914125778,54.38451283613579,27192.25641806791,WIN,2026-03-30T02:38:12.517965+00:00
1773835500|SHORT,1773835500,2026-03-18 08:05:00 ET,2026-03-18 08:05:00 ET,25059.25,2026-03-18,1773837600,2026-03-18 08:40:00 ET,2026-03-18 08:40:00 ET,24923.0,2026-03-18,SHORT,7,35.0,25084.25,-110.0,20.0,500.0,signal_flat,5.45,5.45,2725.0,2725.0,59.834512836135794,29917.25641806791,WIN,2026-03-30T04:16:29.561574+00:00
1773853500|SHORT,1773853500,2026-03-18 13:05:00 ET,2026-03-18 13:05:00 ET,24812.25,,1773867300,2026-03-18 16:55:00 ET,2026-03-18 16:55:00 ET,24623.5,,SHORT,45,,,,,,,0.7383020605712387,0.7383020605712387,369.15103028561936,369.15103028561936,60.57281489670703,30286.40744835353,WIN,2026-03-30T02:38:12.518051+00:00
1773898800|SHORT,1773898800,2026-03-19 01:40:00 ET,2026-03-19 01:40:00 ET,24583.5,2026-03-19,1773899400,2026-03-19 01:50:00 ET,2026-03-19 01:50:00 ET,24608.5,2026-03-19,SHORT,2,10.0,24608.5,-650.0,20.0,500.0,loss_cap,-1.0,-1.0,-500.0,-500.0,59.57281489670703,29786.40744835353,LOSS,2026-03-30T04:16:29.561767+00:00
1773899400|SHORT,1773899400,2026-03-19 01:50:00 ET,2026-03-19 01:50:00 ET,24615.25,2026-03-19,1773900900,2026-03-19 02:15:00 ET,2026-03-19 02:15:00 ET,24627.0,2026-03-19,SHORT,5,25.0,24640.25,-475.0,20.0,500.0,signal_flat,-0.47000000000000003,-0.47000000000000003,-235.0,-235.0,59.10281489670703,29551.40744835353,LOSS,2026-03-30T04:16:29.561796+00:00
1773920100|SHORT,1773920100,2026-03-19 07:35:00 ET,2026-03-19 07:35:00 ET,24511.0,,1773936900,2026-03-19 12:15:00 ET,2026-03-19 12:15:00 ET,24471.0,,SHORT,55,,,,,,,0.12905105059783928,0.12905105059783928,64.52552529891963,64.52552529891963,59.23186594730487,29615.93297365245,WIN,2026-03-30T02:38:12.518115+00:00
1773959100|LONG,1773959100,2026-03-19 18:25:00 ET,2026-03-19 18:25:00 ET,24639.0,,1773975900,2026-03-19 23:05:00 ET,2026-03-19 23:05:00 ET,24612.0,,LONG,55,,,,,,,-0.13455244022977375,-0.13455244022977375,-67.27622011488688,-67.27622011488688,59.09731350707509,29548.65675353756,LOSS,2026-03-30T02:38:12.518151+00:00
1773999900|SHORT,1773999900,2026-03-20 05:45:00 ET,2026-03-20 05:45:00 ET,24441.75,,1774008000,2026-03-20 08:00:00 ET,2026-03-20 08:00:00 ET,24444.25,,SHORT,26,,,,,,,-0.037117975970746286,-0.037117975970746286,-18.558987985373143,-18.558987985373143,59.06019553110435,29530.09776555219,LOSS,2026-03-30T02:38:12.518182+00:00
1774007700|LONG,1774007700,2026-03-20 07:55:00 ET,2026-03-20 07:55:00 ET,24444.25,,1774016100,2026-03-20 10:15:00 ET,2026-03-20 10:15:00 ET,24255.25,,LONG,27,,,,,,,-0.79800431616045,-0.79800431616045,-399.002158080225,-399.002158080225,58.2621912149439,29131.095607471965,LOSS,2026-03-30T02:38:12.518196+00:00
1774030500|SHORT,1774030500,2026-03-20 14:15:00 ET,2026-03-20 14:15:00 ET,24182.25,2026-03-20,1774032600,2026-03-20 14:50:00 ET,2026-03-20 14:50:00 ET,24086.5,2026-03-20,SHORT,7,35.0,24207.25,-165.0,20.0,500.0,signal_flat,3.83,3.83,1915.0,1915.0,62.092191214943895,31046.095607471965,WIN,2026-03-30T04:16:29.562213+00:00
1774226100|SHORT,1774226100,2026-03-22 20:35:00 ET,2026-03-22 20:35:00 ET,23965.5,,1774242900,2026-03-23 01:15:00 ET,2026-03-23 01:15:00 ET,24013.5,,SHORT,55,,,,,,,-0.22640947186702842,-0.22640947186702842,-113.20473593351421,-113.20473593351421,61.865781743076866,30932.89087153845,LOSS,2026-03-30T01:44:45.482440+00:00
1774238100|SHORT,1774238100,2026-03-22 23:55:00 ET,2026-03-22 23:55:00 ET,23955.75,2026-03-23,1774239300,2026-03-23 00:15:00 ET,2026-03-23 00:15:00 ET,23980.75,2026-03-23,SHORT,4,20.0,23980.75,-575.0,20.0,500.0,loss_cap,-1.0,-1.0,-500.0,-500.0,60.865781743076866,30432.89087153845,LOSS,2026-03-30T04:16:29.562342+00:00
1774239300|SHORT,1774239300,2026-03-23 00:15:00 ET,2026-03-23 00:15:00 ET,23979.75,2026-03-23,1774240200,2026-03-23 00:30:00 ET,2026-03-23 00:30:00 ET,23992.25,2026-03-23,SHORT,3,15.0,24004.75,-335.0,20.0,500.0,signal_flat,-0.5,-0.5,-250.0,-250.0,60.365781743076866,30182.89087153845,LOSS,2026-03-30T04:16:29.562365+00:00
1774248000|SHORT,1774248000,2026-03-23 02:40:00 ET,2026-03-23 02:40:00 ET,23871.25,2026-03-23,1774249500,2026-03-23 03:05:00 ET,2026-03-23 03:05:00 ET,23896.25,2026-03-23,SHORT,5,25.0,23896.25,-650.0,20.0,500.0,loss_cap,-1.0,-1.0,-500.0,-500.0,59.365781743076866,29682.89087153845,LOSS,2026-03-30T04:16:29.562415+00:00
1774249500|SHORT,1774249500,2026-03-23 03:05:00 ET,2026-03-23 03:05:00 ET,23884.0,2026-03-23,1774249800,2026-03-23 03:10:00 ET,2026-03-23 03:10:00 ET,23909.0,2026-03-23,SHORT,1,5.0,23909.0,-585.0,20.0,500.0,loss_cap,-1.0,-1.0,-500.0,-500.0,58.365781743076866,29182.89087153845,LOSS,2026-03-30T04:16:29.562431+00:00
1774249800|SHORT,1774249800,2026-03-23 03:10:00 ET,2026-03-23 03:10:00 ET,23893.0,2026-03-23,1774250700,2026-03-23 03:25:00 ET,2026-03-23 03:25:00 ET,23801.25,2026-03-23,SHORT,3,15.0,23918.0,-105.0,20.0,500.0,signal_flat,3.6700000000000004,3.6700000000000004,1835.0,1835.0,62.03578174307687,31017.89087153845,WIN,2026-03-30T04:16:29.562462+00:00
1774256400|LONG,1774256400,2026-03-23 05:00:00 ET,2026-03-23 05:00:00 ET,23914.75,,1774273200,2026-03-23 09:40:00 ET,2026-03-23 09:40:00 ET,24540.25,,LONG,55,,,,,,,2.5899084373311343,2.5899084373311343,1294.9542186655672,1294.9542186655672,64.625690180408,32312.845090204017,WIN,2026-03-30T02:38:12.518279+00:00
1774316400|SHORT,1774316400,2026-03-23 21:40:00 ET,2026-03-23 21:40:00 ET,24243.5,,1774333500,2026-03-24 02:25:00 ET,2026-03-24 02:25:00 ET,24319.25,,SHORT,55,,,,,,,-0.33861376181190117,-0.33861376181190117,-169.30688090595058,-169.30688090595058,64.2870764185961,32143.538209298065,LOSS,2026-03-30T01:44:45.482525+00:00
1774317600|SHORT,1774317600,2026-03-23 22:00:00 ET,2026-03-23 22:00:00 ET,24263.75,,1774334700,2026-03-24 02:45:00 ET,2026-03-24 02:45:00 ET,24353.75,,SHORT,55,,,,,,,-0.39668587317631676,-0.39668587317631676,-198.34293658815838,-198.34293658815838,63.890390545419784,31945.19527270991,LOSS,2026-03-30T02:38:12.518329+00:00
1774334400|LONG,1774334400,2026-03-24 02:40:00 ET,2026-03-24 02:40:00 ET,24353.75,,1774342500,2026-03-24 04:55:00 ET,2026-03-24 04:55:00 ET,24388.5,,LONG,26,,,,,,,0.11765976262227973,0.11765976262227973,58.829881311139864,58.829881311139864,64.00805030804206,32004.02515402105,WIN,2026-03-30T02:38:12.518344+00:00
1774342200|SHORT,1774342200,2026-03-24 04:50:00 ET,2026-03-24 04:50:00 ET,24388.5,,1774359000,2026-03-24 09:30:00 ET,2026-03-24 09:30:00 ET,24255.5,,SHORT,55,,,,,,,0.5184316807647749,0.5184316807647749,259.21584038238746,259.21584038238746,64.52648198880684,32263.240994403437,WIN,2026-03-30T02:38:12.518367+00:00
1774394100|SHORT,1774394100,2026-03-24 19:15:00 ET,2026-03-24 19:15:00 ET,24428.0,,1774398900,2026-03-24 20:35:00 ET,2026-03-24 20:35:00 ET,24467.75,,SHORT,15,,,,,,,-0.18807194854393305,-0.18807194854393305,-94.03597427196652,-94.03597427196652,64.3384100402629,32169.20502013147,LOSS,2026-03-30T01:44:45.482608+00:00
1774398600|LONG,1774398600,2026-03-24 20:30:00 ET,2026-03-24 20:30:00 ET,24467.75,,1774405200,2026-03-24 22:20:00 ET,2026-03-24 22:20:00 ET,24366.75,,LONG,21,,,,,,,-0.43767031950902036,-0.43767031950902036,-218.8351597545102,-218.8351597545102,63.90073972075388,31950.36986037696,LOSS,2026-03-30T02:38:12.518404+00:00
1774404900|SHORT,1774404900,2026-03-24 22:15:00 ET,2026-03-24 22:15:00 ET,24366.75,,1774422000,2026-03-25 03:00:00 ET,2026-03-25 03:00:00 ET,24378.0,,SHORT,55,,,,,,,-0.07208337335579129,-0.07208337335579129,-36.04168667789565,-36.04168667789565,63.828656347398095,31914.328173699065,LOSS,2026-03-30T02:38:12.518428+00:00
1774407000|SHORT,1774407000,2026-03-24 22:50:00 ET,2026-03-24 22:50:00 ET,24352.0,2026-03-25,1774409100,2026-03-24 23:25:00 ET,2026-03-24 23:25:00 ET,24339.5,2026-03-25,SHORT,7,35.0,24377.0,-85.0,20.0,500.0,signal_flat,0.5,0.5,250.0,250.0,64.3286563473981,32164.328173699065,WIN,2026-03-30T04:16:29.562966+00:00
1774425900|LONG,1774425900,2026-03-25 04:05:00 ET,2026-03-25 04:05:00 ET,24479.5,,1774442700,2026-03-25 08:45:00 ET,2026-03-25 08:45:00 ET,24427.25,,LONG,55,,,,,,,-0.2383717022690801,-0.2383717022690801,-119.18585113454006,-119.18585113454006,64.09028464512902,32045.142322564523,LOSS,2026-03-30T02:38:12.518455+00:00
1774460400|LONG,1774460400,2026-03-25 13:40:00 ET,2026-03-25 13:40:00 ET,24468.75,,1774461600,2026-03-25 14:00:00 ET,2026-03-25 14:00:00 ET,24427.75,,LONG,3,,,,,,,-0.19255375789373197,-0.19255375789373197,-96.27687894686599,-96.27687894686599,63.897730887235284,31948.86544361766,LOSS,2026-03-30T02:38:12.518474+00:00
1774492500|SHORT,1774492500,2026-03-25 22:35:00 ET,2026-03-25 22:35:00 ET,24258.75,2026-03-26,1774492800,2026-03-25 22:40:00 ET,2026-03-25 22:40:00 ET,24283.75,2026-03-26,SHORT,1,5.0,24283.75,-505.0,20.0,500.0,loss_cap,-1.0,-1.0,-500.0,-500.0,62.897730887235284,31448.86544361766,LOSS,2026-03-30T04:16:29.563229+00:00
1774492800|SHORT,1774492800,2026-03-25 22:40:00 ET,2026-03-25 22:40:00 ET,24283.25,2026-03-26,1774494600,2026-03-25 23:10:00 ET,2026-03-25 23:10:00 ET,24308.25,2026-03-26,SHORT,6,30.0,24308.25,-660.0,20.0,500.0,loss_cap,-1.0,-1.0,-500.0,-500.0,61.897730887235284,30948.86544361766,LOSS,2026-03-30T04:16:29.563269+00:00
1774502400|SHORT,1774502400,2026-03-26 01:20:00 ET,2026-03-26 01:20:00 ET,24290.75,,1774519200,2026-03-26 06:00:00 ET,2026-03-26 06:00:00 ET,24155.0,,SHORT,55,,,,,,,0.5350739319123221,0.5350739319123221,267.53696595616105,267.53696595616105,62.432804819147606,31216.40240957382,WIN,2026-03-30T02:38:12.518531+00:00
1774504500|SHORT,1774504500,2026-03-26 01:55:00 ET,2026-03-26 01:55:00 ET,24255.75,2026-03-26,1774506300,2026-03-26 02:25:00 ET,2026-03-26 02:25:00 ET,24280.75,2026-03-26,SHORT,6,30.0,24280.75,-630.0,20.0,500.0,loss_cap,-1.0,-1.0,-500.0,-500.0,61.432804819147606,30716.40240957382,LOSS,2026-03-30T04:16:29.563336+00:00
1774506300|SHORT,1774506300,2026-03-26 02:25:00 ET,2026-03-26 02:25:00 ET,24280.5,2026-03-26,1774506600,2026-03-26 02:30:00 ET,2026-03-26 02:30:00 ET,24276.25,2026-03-26,SHORT,1,5.0,24305.5,-170.0,20.0,500.0,signal_flat,0.16999999999999998,0.16999999999999998,85.0,85.0,61.60280481914761,30801.40240957382,WIN,2026-03-30T04:16:29.563353+00:00
1774514700|SHORT,1774514700,2026-03-26 04:45:00 ET,2026-03-26 04:45:00 ET,24166.0,2026-03-26,1774515300,2026-03-26 04:55:00 ET,2026-03-26 04:55:00 ET,24191.0,2026-03-26,SHORT,2,10.0,24191.0,-735.0,20.0,500.0,loss_cap,-1.0,-1.0,-500.0,-500.0,60.60280481914761,30301.40240957382,LOSS,2026-03-30T04:16:29.563395+00:00
1774515300|SHORT,1774515300,2026-03-26 04:55:00 ET,2026-03-26 04:55:00 ET,24194.5,2026-03-26,1774517100,2026-03-26 05:25:00 ET,2026-03-26 05:25:00 ET,24151.75,2026-03-26,SHORT,6,30.0,24219.5,-65.0,20.0,500.0,signal_flat,1.71,1.71,855.0,855.0,62.31280481914761,31156.40240957382,WIN,2026-03-30T04:16:29.563428+00:00
1774519200|SHORT,1774519200,2026-03-26 06:00:00 ET,2026-03-26 06:00:00 ET,24162.0,2026-03-26,1774519500,2026-03-26 06:05:00 ET,2026-03-26 06:05:00 ET,24187.0,2026-03-26,SHORT,1,5.0,24187.0,-685.0,20.0,500.0,loss_cap,-1.0,-1.0,-500.0,-500.0,61.31280481914761,30656.40240957382,LOSS,2026-03-30T04:16:29.563449+00:00
1774519500|SHORT,1774519500,2026-03-26 06:05:00 ET,2026-03-26 06:05:00 ET,24176.25,2026-03-26,1774520700,2026-03-26 06:25:00 ET,2026-03-26 06:25:00 ET,24201.25,2026-03-26,SHORT,4,20.0,24201.25,-520.0,20.0,500.0,loss_cap,-1.0,-1.0,-500.0,-500.0,60.31280481914761,30156.40240957382,LOSS,2026-03-30T04:16:29.563473+00:00
1774520700|SHORT,1774520700,2026-03-26 06:25:00 ET,2026-03-26 06:25:00 ET,24196.25,2026-03-26,1774521300,2026-03-26 06:35:00 ET,2026-03-26 06:35:00 ET,24159.0,2026-03-26,SHORT,2,10.0,24221.25,-115.0,20.0,500.0,signal_flat,1.49,1.49,745.0,745.0,61.80280481914761,30901.40240957382,WIN,2026-03-30T04:16:29.563494+00:00
1774539000|SHORT,1774539000,2026-03-26 11:30:00 ET,2026-03-26 11:30:00 ET,24063.0,,1774556100,2026-03-26 16:15:00 ET,2026-03-26 16:15:00 ET,23902.5,,SHORT,56,,,,,,,0.641399152625155,0.641399152625155,320.6995763125775,320.6995763125775,62.444203971772765,31222.1019858864,WIN,2026-03-30T02:38:12.518568+00:00
1774588200|LONG,1774588200,2026-03-27 01:10:00 ET,2026-03-27 01:10:00 ET,23971.5,,1774599000,2026-03-27 04:10:00 ET,2026-03-27 04:10:00 ET,23830.0,,LONG,35,,,,,,,-0.6151504693823195,-0.6151504693823195,-307.5752346911598,-307.5752346911598,61.829053502390444,30914.526751195237,LOSS,2026-03-30T02:38:12.518604+00:00
1774596600|SHORT,1774596600,2026-03-27 03:30:00 ET,2026-03-27 03:30:00 ET,23864.25,2026-03-27,1774597500,2026-03-27 03:45:00 ET,2026-03-27 03:45:00 ET,23889.25,2026-03-27,SHORT,3,15.0,23889.25,-590.0,20.0,500.0,loss_cap,-1.0,-1.0,-500.0,-500.0,60.829053502390444,30414.526751195237,LOSS,2026-03-30T04:16:29.563733+00:00
1774597500|SHORT,1774597500,2026-03-27 03:45:00 ET,2026-03-27 03:45:00 ET,23885.5,2026-03-27,1774598700,2026-03-27 04:05:00 ET,2026-03-27 04:05:00 ET,23830.25,2026-03-27,SHORT,4,20.0,23910.5,-240.0,20.0,500.0,signal_flat,2.21,2.21,1105.0,1105.0,63.039053502390445,31519.526751195237,WIN,2026-03-30T04:16:29.563760+00:00
1774598700|SHORT,1774598700,2026-03-27 04:05:00 ET,2026-03-27 04:05:00 ET,23830.0,,1774615500,2026-03-27 08:45:00 ET,2026-03-27 08:45:00 ET,23634.0,,SHORT,55,,,,,,,0.8018055364993337,0.8018055364993337,400.90276824966685,400.90276824966685,63.840859038889775,31920.429519444904,WIN,2026-03-30T02:38:12.518627+00:00
1774600800|SHORT,1774600800,2026-03-27 04:40:00 ET,2026-03-27 04:40:00 ET,23796.5,2026-03-27,1774602900,2026-03-27 05:15:00 ET,2026-03-27 05:15:00 ET,23767.0,2026-03-27,SHORT,7,35.0,23821.5,-200.0,20.0,500.0,signal_flat,1.18,1.18,590.0,590.0,65.02085903888978,32510.429519444904,WIN,2026-03-30T04:16:29.563800+00:00
1774611900|SHORT,1774611900,2026-03-27 07:45:00 ET,2026-03-27 07:45:00 ET,23675.75,2026-03-27,1774614000,2026-03-27 08:20:00 ET,2026-03-27 08:20:00 ET,23648.0,2026-03-27,SHORT,7,35.0,23700.75,-285.0,20.0,500.0,signal_flat,1.11,1.11,555.0,555.0,66.13085903888978,33065.42951944491,WIN,2026-03-30T04:16:29.563861+00:00
1774616700|SHORT,1774616700,2026-03-27 09:05:00 ET,2026-03-27 09:05:00 ET,23592.25,,1774639200,2026-03-27 15:20:00 ET,2026-03-27 15:20:00 ET,23353.75,,SHORT,74,,,,,,,0.9859943361502532,0.9859943361502532,492.99716807512664,492.99716807512664,67.11685337504004,33558.426687520034,WIN,2026-03-30T02:38:12.518657+00:00
1774640400|SHORT,1774640400,2026-03-27 15:40:00 ET,2026-03-27 15:40:00 ET,23313.25,,1774644900,2026-03-27 16:55:00 ET,2026-03-27 16:55:00 ET,23275.5,,SHORT,14,,,,,,,0.13689085753740837,0.13689085753740837,68.44542876870419,68.44542876870419,67.25374423257745,33626.87211628874,WIN,2026-03-30T02:38:12.518669+00:00
1774822200|SHORT,1774822200,2026-03-29 18:10:00 ET,2026-03-29 18:10:00 ET,23195.0,2026-03-30,1774822800,2026-03-29 18:20:00 ET,2026-03-29 18:20:00 ET,23220.0,2026-03-30,SHORT,2,10.0,23220.0,-945.0,20.0,500.0,loss_cap,-1.0,-1.0,-500.0,-500.0,66.25374423257745,33126.87211628874,LOSS,2026-03-30T04:16:29.563975+00:00
1774822800|SHORT,1774822800,2026-03-29 18:20:00 ET,2026-03-29 18:20:00 ET,23221.0,2026-03-30,1774824000,2026-03-29 18:40:00 ET,2026-03-29 18:40:00 ET,23173.5,2026-03-30,SHORT,4,20.0,23246.0,-355.0,20.0,500.0,signal_flat,1.9,1.9,950.0,950.0,68.15374423257745,34076.87211628874,WIN,2026-03-30T04:16:29.564003+00:00
