trade_id,entry_time_unix,entry_unix,entry_time_et,entry_et,exit_time_et,exit_time_unix,exit_unix,exit_et,side,direction,entry_price,exit_price,nq_contracts,mnq_contracts,bars_held,point_value_usd,pnl_points,pnl_pct,trade_pnl_usd,pnl_usd,trade_profit_pct,trade_profit_usd,total_pnl_usd,cumulative_pnl_pct,cumulative_pnl_usd,result,updated_at_utc
1768576500|SHORT,,1768576500,2026-01-16 10:15:00 ET,2026-01-16 10:15:00 ET,2026-01-16 14:55:00 ET,,1768593300,2026-01-16 14:55:00 ET,,SHORT,25676.0,25727.0,,,55,,,-0.2256470611117667,,-112.82353055588334,-0.2256470611117667,-112.82353055588334,,-0.2256470611117667,-112.82353055588334,LOSS,2026-03-30T02:15:13.250577+00:00
1768889700|SHORT,,1768889700,2026-01-20 01:15:00 ET,2026-01-20 01:15:00 ET,2026-01-20 05:55:00 ET,,1768906500,2026-01-20 05:55:00 ET,,SHORT,25326.75,25176.25,,,55,,,0.5703521292554026,,285.1760646277013,0.5703521292554026,285.1760646277013,,0.3447050681436359,172.35253407181796,WIN,2026-03-30T02:15:13.250631+00:00
1768890000|SHORT,,1768890000,2026-01-20 01:20:00 ET,2026-01-20 01:20:00 ET,2026-01-20 06:00:00 ET,,1768906800,2026-01-20 06:00:00 ET,,SHORT,25322.5,25176.0,,,55,,,0.5544924480671121,,277.246224033556,0.5544924480671121,277.246224033556,,0.899197516210748,449.598758105374,WIN,2026-03-30T00:11:59.286142+00:00
1768893300|SHORT,,1768893300,2026-01-20 02:15:00 ET,2026-01-20 02:15:00 ET,2026-01-20 02:25:00 ET,,1768893900,2026-01-20 02:25:00 ET,,SHORT,25272.5,25297.5,,,2,20.0,,-1.0,,-500.0,-1.0,-500.0,,-0.10080248378925205,-50.401241894626025,LOSS,2026-03-31T02:24:43.746121+00:00
1768893900|SHORT,,1768893900,2026-01-20 02:25:00 ET,2026-01-20 02:25:00 ET,2026-01-20 02:55:00 ET,,1768895700,2026-01-20 02:55:00 ET,,SHORT,25296.25,25284.0,,,6,20.0,,0.49,,245.0,0.49,245.0,,0.38919751621074794,194.59875810537397,WIN,2026-03-31T02:24:43.746194+00:00
1768894800|SHORT,,1768894800,2026-01-20 02:40:00 ET,2026-01-20 02:40:00 ET,2026-01-20 03:30:00 ET,,1768897800,2026-01-20 03:30:00 ET,,SHORT,25272.75,25208.5,,,10,20.0,,2.5700000000000003,,1285.0,2.5700000000000003,1285.0,,2.9591975162107484,1479.598758105374,WIN,2026-03-31T05:02:52.548948+00:00
1768902600|SHORT,,1768902600,2026-01-20 04:50:00 ET,2026-01-20 04:50:00 ET,2026-01-20 05:10:00 ET,,1768903800,2026-01-20 05:10:00 ET,,SHORT,25122.0,25147.0,,,4,20.0,,-1.0,,-500.0,-1.0,-500.0,,1.9591975162107484,979.5987581053739,LOSS,2026-03-31T05:02:52.549048+00:00
1768903800|SHORT,,1768903800,2026-01-20 05:10:00 ET,2026-01-20 05:10:00 ET,2026-01-20 05:20:00 ET,,1768904400,2026-01-20 05:20:00 ET,,SHORT,25163.75,25188.75,,,2,20.0,,-1.0,,-500.0,-1.0,-500.0,,0.9591975162107484,479.5987581053739,LOSS,2026-03-31T05:02:52.549088+00:00
1768904400|SHORT,,1768904400,2026-01-20 05:20:00 ET,2026-01-20 05:20:00 ET,2026-01-20 05:25:00 ET,,1768904700,2026-01-20 05:25:00 ET,,SHORT,25185.25,25196.5,,,1,20.0,,-0.44999999999999996,,-225.0,-0.44999999999999996,-225.0,,0.5091975162107485,254.59875810537392,LOSS,2026-03-31T05:02:52.549123+00:00
1768913400|LONG,,1768913400,2026-01-20 07:50:00 ET,2026-01-20 07:50:00 ET,2026-01-20 12:30:00 ET,,1768930200,2026-01-20 12:30:00 ET,,LONG,25272.5,25339.25,,,55,,,0.2390394188874545,,119.51970944372725,0.2390394188874545,119.51970944372725,,0.748236935098203,374.1184675491012,WIN,2026-03-30T02:15:13.250676+00:00
1768996200|SHORT,,1768996200,2026-01-21 06:50:00 ET,2026-01-21 06:50:00 ET,2026-01-21 07:25:00 ET,,1768998300,2026-01-21 07:25:00 ET,,SHORT,25071.75,25071.25,,,7,20.0,,0.02,,10.0,0.02,10.0,,0.768236935098203,384.1184675491012,WIN,2026-03-31T05:02:52.549629+00:00
1769004600|LONG,,1769004600,2026-01-21 09:10:00 ET,2026-01-21 09:10:00 ET,2026-01-21 13:50:00 ET,,1769021400,2026-01-21 13:50:00 ET,,LONG,25198.0,25270.75,,,55,,,0.26366134430995114,,131.83067215497556,0.26366134430995114,131.83067215497556,,1.0318982794081542,515.9491397040767,WIN,2026-03-30T02:15:13.250834+00:00
1769036700|LONG,,1769036700,2026-01-21 18:05:00 ET,2026-01-21 18:05:00 ET,2026-01-21 22:45:00 ET,,1769053500,2026-01-21 22:45:00 ET,,LONG,25562.5,25579.0,,,55,,,0.039514647637628464,,19.757323818814232,0.039514647637628464,19.757323818814232,,1.0714129270457826,535.706463522891,WIN,2026-03-30T02:15:13.250898+00:00
1769069100|LONG,,1769069100,2026-01-22 03:05:00 ET,2026-01-22 03:05:00 ET,2026-01-22 07:45:00 ET,,1769085900,2026-01-22 07:45:00 ET,,LONG,25615.75,25684.25,,,55,,,0.2423501740921541,,121.17508704607704,0.2423501740921541,121.17508704607704,,1.3137631011379367,656.881550568968,WIN,2026-03-30T02:15:13.250946+00:00
1769100300|LONG,,1769100300,2026-01-22 11:45:00 ET,2026-01-22 11:45:00 ET,2026-01-22 16:25:00 ET,,1769117100,2026-01-22 16:25:00 ET,,LONG,25687.25,25659.5,,,55,,,-0.1329993527365625,,-66.49967636828124,-0.1329993527365625,-66.49967636828124,,1.1807637484013742,590.3818742006868,LOSS,2026-03-30T02:15:13.250993+00:00
1769157000|SHORT,,1769157000,2026-01-23 03:30:00 ET,2026-01-23 03:30:00 ET,2026-01-23 04:05:00 ET,,1769159100,2026-01-23 04:05:00 ET,,SHORT,25607.5,25623.0,,,7,20.0,,-0.62,,-310.0,-0.62,-310.0,,0.5607637484013742,280.38187420068675,LOSS,2026-03-31T05:02:52.550459+00:00
1769160900|SHORT,,1769160900,2026-01-23 04:35:00 ET,2026-01-23 04:35:00 ET,2026-01-23 09:15:00 ET,,1769177700,2026-01-23 09:15:00 ET,,SHORT,25576.5,25570.0,,,55,,,-0.0009078576900578561,,-0.45392884502892805,-0.0009078576900578561,-0.45392884502892805,,0.5598558907113164,279.9279453556578,LOSS,2026-03-30T02:15:13.251061+00:00
1769161200|SHORT,,1769161200,2026-01-23 04:40:00 ET,2026-01-23 04:40:00 ET,2026-01-23 05:20:00 ET,,1769163600,2026-01-23 05:20:00 ET,,SHORT,25551.75,25571.0,,,8,20.0,,-0.77,,-385.0,-0.77,-385.0,,-0.21014410928868366,-105.07205464434219,LOSS,2026-03-31T05:02:52.550538+00:00
1769180700|LONG,,1769180700,2026-01-23 10:05:00 ET,2026-01-23 10:05:00 ET,2026-01-23 12:45:00 ET,,1769190300,2026-01-23 12:45:00 ET,,LONG,25706.0,25730.0,,,31,,,0.06832278568398298,,34.161392841991486,0.06832278568398298,34.161392841991486,,-0.14182132360470068,-70.9106618023507,WIN,2026-03-30T02:15:13.251089+00:00
1769389200|LONG,,1769389200,2026-01-25 20:00:00 ET,2026-01-25 20:00:00 ET,2026-01-26 00:40:00 ET,,1769406000,2026-01-26 00:40:00 ET,,LONG,25635.75,25665.75,,,55,,,0.09197112297660848,,45.98556148830424,0.09197112297660848,45.98556148830424,,-0.0498502006280922,-24.92510031404646,WIN,2026-03-30T02:15:13.251166+00:00
1769438400|LONG,,1769438400,2026-01-26 09:40:00 ET,2026-01-26 09:40:00 ET,2026-01-26 14:20:00 ET,,1769455200,2026-01-26 14:20:00 ET,,LONG,25816.25,25906.5,,,55,,,0.324488412343249,,162.24420617162448,0.324488412343249,162.24420617162448,,0.2746382117151568,137.31910585757802,WIN,2026-03-30T02:15:13.251227+00:00
1769530200|LONG,,1769530200,2026-01-27 11:10:00 ET,2026-01-27 11:10:00 ET,2026-01-27 15:50:00 ET,,1769547000,2026-01-27 15:50:00 ET,,LONG,26098.0,26098.25,,,55,,,-0.02403848051060198,,-12.01924025530099,-0.02403848051060198,-12.01924025530099,,0.2505997312045548,125.29986560227704,LOSS,2026-03-30T02:15:13.251319+00:00
1769617800|SHORT,,1769617800,2026-01-28 11:30:00 ET,2026-01-28 11:30:00 ET,2026-01-28 16:10:00 ET,,1769634600,2026-01-28 16:10:00 ET,,SHORT,26150.75,26150.0,,,55,,,-0.027469349116437947,,-13.734674558218973,-0.027469349116437947,-13.734674558218973,,0.22313038208811686,111.56519104405807,LOSS,2026-03-30T02:15:13.251409+00:00
1769697300|SHORT,,1769697300,2026-01-29 09:35:00 ET,2026-01-29 09:35:00 ET,2026-01-29 10:10:00 ET,,1769699400,2026-01-29 10:10:00 ET,,SHORT,26028.5,25721.5,,,7,20.0,,12.280000000000001,,6140.0,12.280000000000001,6140.0,,12.503130382088118,6251.565191044058,WIN,2026-03-31T05:02:52.552334+00:00
1769736900|SHORT,,1769736900,2026-01-29 20:35:00 ET,2026-01-29 20:35:00 ET,2026-01-29 23:15:00 ET,,1769746500,2026-01-29 23:15:00 ET,,SHORT,25841.25,25886.75,,,31,,,-0.20232026671712644,,-101.16013335856321,-0.20232026671712644,-101.16013335856321,,12.300810115370991,6150.405057685495,LOSS,2026-03-30T02:15:13.251555+00:00
1769740200|SHORT,,1769740200,2026-01-29 21:30:00 ET,2026-01-29 21:30:00 ET,2026-01-29 21:35:00 ET,,1769740500,2026-01-29 21:35:00 ET,,SHORT,25764.75,25789.75,,,1,20.0,,-1.0,,-500.0,-1.0,-500.0,,11.300810115370991,5650.405057685495,LOSS,2026-03-31T05:02:52.552555+00:00
1769740500|SHORT,,1769740500,2026-01-29 21:35:00 ET,2026-01-29 21:35:00 ET,2026-01-29 21:50:00 ET,,1769741400,2026-01-29 21:50:00 ET,,SHORT,25779.0,25804.0,,,3,20.0,,-1.0,,-500.0,-1.0,-500.0,,10.300810115370991,5150.405057685495,LOSS,2026-03-31T05:02:52.552600+00:00
1769741400|SHORT,,1769741400,2026-01-29 21:50:00 ET,2026-01-29 21:50:00 ET,2026-01-29 22:00:00 ET,,1769742000,2026-01-29 22:00:00 ET,,SHORT,25826.25,25851.25,,,2,20.0,,-1.0,,-500.0,-1.0,-500.0,,9.300810115370991,4650.405057685495,LOSS,2026-03-31T05:02:52.552637+00:00
1769742000|SHORT,,1769742000,2026-01-29 22:00:00 ET,2026-01-29 22:00:00 ET,2026-01-29 22:05:00 ET,,1769742300,2026-01-29 22:05:00 ET,,SHORT,25864.25,25884.0,,,1,20.0,,-0.79,,-395.0,-0.79,-395.0,,8.51081011537099,4255.405057685495,LOSS,2026-03-31T05:02:52.552674+00:00
1769746200|LONG,,1769746200,2026-01-29 23:10:00 ET,2026-01-29 23:10:00 ET,2026-01-30 02:40:00 ET,,1769758800,2026-01-30 02:40:00 ET,,LONG,25886.75,25736.25,,,40,,,-0.6062257210376343,,-303.1128605188171,-0.6062257210376343,-303.1128605188171,,7.904584394333356,3952.2921971666783,LOSS,2026-03-30T02:15:13.251584+00:00
1769756100|SHORT,,1769756100,2026-01-30 01:55:00 ET,2026-01-30 01:55:00 ET,2026-01-30 02:05:00 ET,,1769756700,2026-01-30 02:05:00 ET,,SHORT,25750.75,25775.75,,,2,20.0,,-1.0,,-500.0,-1.0,-500.0,,6.904584394333356,3452.2921971666783,LOSS,2026-03-31T05:02:52.552773+00:00
1769756700|SHORT,,1769756700,2026-01-30 02:05:00 ET,2026-01-30 02:05:00 ET,2026-01-30 02:55:00 ET,,1769759700,2026-01-30 02:55:00 ET,,SHORT,25795.0,25710.5,,,10,20.0,,3.38,,1690.0,3.38,1690.0,,10.284584394333356,5142.292197166678,WIN,2026-03-31T05:02:52.552849+00:00
1769758500|SHORT,,1769758500,2026-01-30 02:35:00 ET,2026-01-30 02:35:00 ET,2026-01-30 06:30:00 ET,,1769772600,2026-01-30 06:30:00 ET,,SHORT,25736.25,25817.75,,,46,,,-0.343355264471068,,-171.67763223553402,-0.343355264471068,-171.67763223553402,,9.941229129862288,4970.614564931144,LOSS,2026-03-30T02:15:13.251615+00:00
1769772300|LONG,,1769772300,2026-01-30 06:25:00 ET,2026-01-30 06:25:00 ET,2026-01-30 06:50:00 ET,,1769773800,2026-01-30 06:50:00 ET,,LONG,25817.75,25797.75,,,4,,,-0.10242496635668452,,-51.21248317834226,-0.10242496635668452,-51.21248317834226,,9.838804163505603,4919.402081752802,LOSS,2026-03-30T02:15:13.251631+00:00
1769993400|LONG,,1769993400,2026-02-01 19:50:00 ET,2026-02-01 19:50:00 ET,2026-02-01 22:15:00 ET,,1770002100,2026-02-01 22:15:00 ET,,LONG,25618.75,25340.0,,,28,,,-1.1128110393876844,,-556.4055196938422,-1.1128110393876844,-556.4055196938422,,8.725993124117918,4362.996562058959,LOSS,2026-03-30T02:15:13.251728+00:00
1770008100|SHORT,,1770008100,2026-02-01 23:55:00 ET,2026-02-01 23:55:00 ET,2026-02-02 02:50:00 ET,,1770018600,2026-02-02 02:50:00 ET,,SHORT,25352.5,25304.5,,,34,,,0.16227620905489015,,81.13810452744508,0.16227620905489015,81.13810452744508,,8.888269333172808,4444.134666586404,WIN,2026-03-30T02:15:13.251761+00:00
1770019800|LONG,,1770019800,2026-02-02 03:10:00 ET,2026-02-02 03:10:00 ET,2026-02-02 07:50:00 ET,,1770036600,2026-02-02 07:50:00 ET,,LONG,25372.25,25507.0,,,55,,,0.5059753528425359,,252.98767642126796,0.5059753528425359,252.98767642126796,,9.394244686015345,4697.122343007672,WIN,2026-03-30T02:15:13.251801+00:00
1770050100|LONG,,1770050100,2026-02-02 11:35:00 ET,2026-02-02 11:35:00 ET,2026-02-02 16:15:00 ET,,1770066900,2026-02-02 16:15:00 ET,,LONG,25882.25,25876.0,,,55,,,-0.04915555487551293,,-24.577777437756467,-0.04915555487551293,-24.577777437756467,,9.345089131139831,4672.544565569915,LOSS,2026-03-30T02:15:13.251847+00:00
1770129300|SHORT,,1770129300,2026-02-03 09:35:00 ET,2026-02-03 09:35:00 ET,2026-02-03 10:10:00 ET,,1770131400,2026-02-03 10:10:00 ET,,SHORT,25820.5,25553.5,,,7,20.0,,10.68,,5340.0,10.68,5340.0,,20.02508913113983,10012.544565569915,WIN,2026-03-31T05:02:52.553391+00:00
1770196500|SHORT,,1770196500,2026-02-04 04:15:00 ET,2026-02-04 04:15:00 ET,2026-02-04 08:55:00 ET,,1770213300,2026-02-04 08:55:00 ET,,SHORT,25383.0,25359.0,,,55,,,0.06821990328294003,,34.10995164147002,0.06821990328294003,34.10995164147002,,20.09330903442277,10046.654517211386,WIN,2026-03-30T02:15:13.252027+00:00
1770196800|SHORT,,1770196800,2026-02-04 04:20:00 ET,2026-02-04 04:20:00 ET,2026-02-04 04:30:00 ET,,1770197400,2026-02-04 04:30:00 ET,,SHORT,25366.0,25391.0,,,2,20.0,,-1.0,,-500.0,-1.0,-500.0,,19.09330903442277,9546.654517211386,LOSS,2026-03-31T05:02:52.553728+00:00
1770197400|SHORT,,1770197400,2026-02-04 04:30:00 ET,2026-02-04 04:30:00 ET,2026-02-04 04:55:00 ET,,1770198900,2026-02-04 04:55:00 ET,,SHORT,25386.0,25402.25,,,5,20.0,,-0.65,,-325.0,-0.65,-325.0,,18.44330903442277,9221.654517211386,LOSS,2026-03-31T05:02:52.553780+00:00
1770213300|SHORT,,1770213300,2026-02-04 08:55:00 ET,2026-02-04 08:55:00 ET,2026-02-04 09:25:00 ET,,1770215100,2026-02-04 09:25:00 ET,,SHORT,25356.25,25381.25,,,6,20.0,,-1.0,,-500.0,-1.0,-500.0,,17.44330903442277,8721.654517211386,LOSS,2026-03-31T05:02:52.553903+00:00
1770215100|SHORT,,1770215100,2026-02-04 09:25:00 ET,2026-02-04 09:25:00 ET,2026-02-04 09:30:00 ET,,1770215400,2026-02-04 09:30:00 ET,,SHORT,25385.5,25286.25,,,1,20.0,,3.9699999999999998,,1985.0,3.9699999999999998,1985.0,,21.41330903442277,10706.654517211386,WIN,2026-03-31T05:02:52.553938+00:00
1770259500|SHORT,,1770259500,2026-02-04 21:45:00 ET,2026-02-04 21:45:00 ET,2026-02-05 02:30:00 ET,,1770276600,2026-02-05 02:30:00 ET,,SHORT,25035.75,25081.0,,,55,,,-0.2080807652191652,,-104.0403826095826,-0.2080807652191652,-104.0403826095826,,21.205228269203605,10602.614134601803,LOSS,2026-03-30T02:15:13.252119+00:00
1770342900|LONG,,1770342900,2026-02-05 20:55:00 ET,2026-02-05 20:55:00 ET,2026-02-06 01:40:00 ET,,1770360000,2026-02-06 01:40:00 ET,,LONG,24531.25,24556.5,,,55,,,0.07793909549240752,,38.96954774620376,0.07793909549240752,38.96954774620376,,21.283167364696013,10641.583682348008,WIN,2026-03-30T02:15:13.252228+00:00
1770343200|LONG,,1770343200,2026-02-05 21:00:00 ET,2026-02-05 21:00:00 ET,2026-02-06 01:45:00 ET,,1770360300,2026-02-06 01:45:00 ET,,LONG,24565.5,24557.5,,,55,,,-0.05756803323205828,,-28.78401661602914,-0.05756803323205828,-28.78401661602914,,21.225599331463954,10612.799665731978,LOSS,2026-03-30T00:11:59.287590+00:00
1770353400|SHORT,,1770353400,2026-02-05 23:50:00 ET,2026-02-05 23:50:00 ET,2026-02-06 00:10:00 ET,,1770354600,2026-02-06 00:10:00 ET,,SHORT,24441.25,24466.25,,,3,20.0,,-1.0,,-500.0,-1.0,-500.0,,20.225599331463954,10112.799665731978,LOSS,2026-03-31T05:02:52.554636+00:00
1770354600|SHORT,,1770354600,2026-02-06 00:10:00 ET,2026-02-06 00:10:00 ET,2026-02-06 00:25:00 ET,,1770355500,2026-02-06 00:25:00 ET,,SHORT,24465.0,24490.0,,,3,20.0,,-1.0,,-500.0,-1.0,-500.0,,19.225599331463954,9612.799665731978,LOSS,2026-03-31T05:02:52.554676+00:00
1770355500|SHORT,,1770355500,2026-02-06 00:25:00 ET,2026-02-06 00:25:00 ET,2026-02-06 00:30:00 ET,,1770355800,2026-02-06 00:30:00 ET,,SHORT,24490.0,24515.0,,,1,20.0,,-1.0,,-500.0,-1.0,-500.0,,18.225599331463954,9112.799665731978,LOSS,2026-03-31T05:02:52.554704+00:00
1770360600|LONG,,1770360600,2026-02-06 01:50:00 ET,2026-02-06 01:50:00 ET,2026-02-06 06:25:00 ET,,1770377100,2026-02-06 06:25:00 ET,,LONG,24555.25,24820.25,,,54,,,1.0539214289651433,,526.9607144825717,1.0539214289651433,526.9607144825717,,19.279520760429097,9639.76038021455,WIN,2026-03-30T02:15:13.252263+00:00
1770360900|LONG,,1770360900,2026-02-06 01:55:00 ET,2026-02-06 01:55:00 ET,2026-02-06 06:25:00 ET,,1770377100,2026-02-06 06:25:00 ET,,LONG,24547.75,24820.25,,,53,,,1.084774986351067,,542.3874931755335,1.084774986351067,542.3874931755335,,20.364295746780165,10182.147873390082,WIN,2026-03-30T00:11:59.287625+00:00
1770377700|LONG,,1770377700,2026-02-06 06:35:00 ET,2026-02-06 06:35:00 ET,2026-02-06 11:05:00 ET,,1770393900,2026-02-06 11:05:00 ET,,LONG,24843.25,24958.5,,,53,,,0.4387947522128899,,219.39737610644494,0.4387947522128899,219.39737610644494,,20.803090498993054,10401.545249496527,WIN,2026-03-30T02:15:13.252299+00:00
1770631200|SHORT,,1770631200,2026-02-09 05:00:00 ET,2026-02-09 05:00:00 ET,2026-02-09 09:40:00 ET,,1770648000,2026-02-09 09:40:00 ET,,SHORT,25060.75,25125.75,,,55,,,-0.2866181332729756,,-143.30906663648778,-0.2866181332729756,-143.30906663648778,,20.516472365720077,10258.236182860039,LOSS,2026-03-30T02:15:13.252406+00:00
1770632400|SHORT,,1770632400,2026-02-09 05:20:00 ET,2026-02-09 05:20:00 ET,2026-02-09 06:25:00 ET,,1770636300,2026-02-09 06:25:00 ET,,SHORT,25040.25,25065.25,,,13,20.0,,-1.0,,-500.0,-1.0,-500.0,,19.516472365720077,9758.236182860039,LOSS,2026-03-31T05:02:52.555289+00:00
1770654600|LONG,,1770654600,2026-02-09 11:30:00 ET,2026-02-09 11:30:00 ET,2026-02-09 16:10:00 ET,,1770671400,2026-02-09 16:10:00 ET,,LONG,25352.5,25361.25,,,55,,,0.009503993411863476,,4.751996705931738,0.009503993411863476,4.751996705931738,,19.52597635913194,9762.988179565971,WIN,2026-03-30T02:15:13.252446+00:00
1770654900|LONG,,1770654900,2026-02-09 11:35:00 ET,2026-02-09 11:35:00 ET,2026-02-09 16:15:00 ET,,1770671700,2026-02-09 16:15:00 ET,,LONG,25351.75,25371.75,,,55,,,0.05388287164025396,,26.94143582012698,0.05388287164025396,26.94143582012698,,19.579859230772193,9789.929615386098,WIN,2026-03-30T00:11:59.287807+00:00
1770734700|SHORT,,1770734700,2026-02-10 09:45:00 ET,2026-02-10 09:45:00 ET,2026-02-10 09:50:00 ET,,1770735000,2026-02-10 09:50:00 ET,,SHORT,25278.25,25303.25,,,1,20.0,,-1.0,,-500.0,-1.0,-500.0,,18.579859230772193,9289.929615386098,LOSS,2026-03-31T05:02:52.555785+00:00
1770735000|SHORT,,1770735000,2026-02-10 09:50:00 ET,2026-02-10 09:50:00 ET,2026-02-10 09:55:00 ET,,1770735300,2026-02-10 09:55:00 ET,,SHORT,25367.5,25392.5,,,1,20.0,,-1.0,,-500.0,-1.0,-500.0,,17.579859230772193,8789.929615386098,LOSS,2026-03-31T05:02:52.555813+00:00
1770735300|SHORT,,1770735300,2026-02-10 09:55:00 ET,2026-02-10 09:55:00 ET,2026-02-10 10:05:00 ET,,1770735900,2026-02-10 10:05:00 ET,,SHORT,25392.5,25417.5,,,2,20.0,,-1.0,,-500.0,-1.0,-500.0,,16.579859230772193,8289.929615386098,LOSS,2026-03-31T05:02:52.555847+00:00
1770735900|SHORT,,1770735900,2026-02-10 10:05:00 ET,2026-02-10 10:05:00 ET,2026-02-10 10:20:00 ET,,1770736800,2026-02-10 10:20:00 ET,,SHORT,25435.25,25375.75,,,3,20.0,,2.3800000000000003,,1190.0,2.3800000000000003,1190.0,,18.959859230772192,9479.929615386098,WIN,2026-03-31T05:02:52.555889+00:00
1770754200|SHORT,,1770754200,2026-02-10 15:10:00 ET,2026-02-10 15:10:00 ET,2026-02-10 15:45:00 ET,,1770756300,2026-02-10 15:45:00 ET,,SHORT,25251.25,25263.75,,,7,20.0,,-0.5,,-250.0,-0.5,-250.0,,18.459859230772192,9229.929615386098,LOSS,2026-03-31T05:02:52.556051+00:00
1770804300|SHORT,,1770804300,2026-02-11 05:05:00 ET,2026-02-11 05:05:00 ET,2026-02-11 05:20:00 ET,,1770805200,2026-02-11 05:20:00 ET,,SHORT,25155.0,25180.0,,,3,20.0,,-1.0,,-500.0,-1.0,-500.0,,17.459859230772192,8729.929615386098,LOSS,2026-03-31T05:02:52.556311+00:00
1770805200|SHORT,,1770805200,2026-02-11 05:20:00 ET,2026-02-11 05:20:00 ET,2026-02-11 05:40:00 ET,,1770806400,2026-02-11 05:40:00 ET,,SHORT,25187.25,25188.25,,,4,20.0,,-0.04,,-20.0,-0.04,-20.0,,17.419859230772193,8709.929615386098,LOSS,2026-03-31T05:02:52.556359+00:00
1770964500|SHORT,,1770964500,2026-02-13 01:35:00 ET,2026-02-13 01:35:00 ET,2026-02-13 01:45:00 ET,,1770965100,2026-02-13 01:45:00 ET,,SHORT,24657.0,24682.0,,,2,20.0,,-1.0,,-500.0,-1.0,-500.0,,16.419859230772193,8209.929615386098,LOSS,2026-03-31T05:02:52.557139+00:00
1770965100|SHORT,,1770965100,2026-02-13 01:45:00 ET,2026-02-13 01:45:00 ET,2026-02-13 01:50:00 ET,,1770965400,2026-02-13 01:50:00 ET,,SHORT,24683.75,24708.75,,,1,20.0,,-1.0,,-500.0,-1.0,-500.0,,15.419859230772193,7709.929615386098,LOSS,2026-03-31T05:02:52.557168+00:00
1770965400|SHORT,,1770965400,2026-02-13 01:50:00 ET,2026-02-13 01:50:00 ET,2026-02-13 02:00:00 ET,,1770966000,2026-02-13 02:00:00 ET,,SHORT,24708.25,24733.25,,,2,20.0,,-1.0,,-500.0,-1.0,-500.0,,14.419859230772193,7209.929615386098,LOSS,2026-03-31T05:02:52.557201+00:00
1770966000|SHORT,,1770966000,2026-02-13 02:00:00 ET,2026-02-13 02:00:00 ET,2026-02-13 02:10:00 ET,,1770966600,2026-02-13 02:10:00 ET,,SHORT,24719.5,24744.5,,,2,20.0,,-1.0,,-500.0,-1.0,-500.0,,13.419859230772193,6709.929615386098,LOSS,2026-03-31T05:02:52.557235+00:00
1770982200|SHORT,,1770982200,2026-02-13 06:30:00 ET,2026-02-13 06:30:00 ET,2026-02-13 10:30:00 ET,,1770996600,2026-02-13 10:30:00 ET,,SHORT,24678.0,24848.5,,,47,,,-0.7186839377048448,,-359.34196885242244,-0.7186839377048448,-359.34196885242244,,12.701175293067347,6350.587646533675,LOSS,2026-03-30T02:15:13.252825+00:00
1770983100|SHORT,,1770983100,2026-02-13 06:45:00 ET,2026-02-13 06:45:00 ET,2026-02-13 06:50:00 ET,,1770983400,2026-02-13 06:50:00 ET,,SHORT,24680.75,24705.75,,,1,20.0,,-1.0,,-500.0,-1.0,-500.0,,11.701175293067347,5850.587646533675,LOSS,2026-03-30T14:55:33.930395+00:00
1770983400|SHORT,,1770983400,2026-02-13 06:50:00 ET,2026-02-13 06:50:00 ET,2026-02-13 07:00:00 ET,,1770984000,2026-02-13 07:00:00 ET,,SHORT,24711.75,24736.75,,,2,20.0,,-1.0,,-500.0,-1.0,-500.0,,10.701175293067347,5350.587646533675,LOSS,2026-03-30T14:55:33.930428+00:00
1770984000|SHORT,,1770984000,2026-02-13 07:00:00 ET,2026-02-13 07:00:00 ET,2026-02-13 07:20:00 ET,,1770985200,2026-02-13 07:20:00 ET,,SHORT,24708.0,24708.25,,,4,20.0,,-0.01,,-5.0,-0.01,-5.0,,10.691175293067348,5345.587646533675,LOSS,2026-03-30T14:55:33.930475+00:00
1770984300|SHORT,,1770984300,2026-02-13 07:05:00 ET,2026-02-13 07:05:00 ET,2026-02-13 07:20:00 ET,,1770985200,2026-02-13 07:20:00 ET,,SHORT,24688.5,24713.5,,,3,20.0,,-1.0,,-500.0,-1.0,-500.0,,9.691175293067348,4845.587646533675,LOSS,2026-03-31T05:02:52.557360+00:00
1770985200|SHORT,,1770985200,2026-02-13 07:20:00 ET,2026-02-13 07:20:00 ET,2026-02-13 07:40:00 ET,,1770986400,2026-02-13 07:40:00 ET,,SHORT,24708.25,24723.0,,,4,20.0,,-0.59,,-295.0,-0.59,-295.0,,9.101175293067348,4550.587646533675,LOSS,2026-03-31T05:02:52.557405+00:00
1771369200|SHORT,,1771369200,2026-02-17 18:00:00 ET,2026-02-17 18:00:00 ET,2026-02-17 18:30:00 ET,,1771371000,2026-02-17 18:30:00 ET,,SHORT,24756.25,24725.0,,,6,20.0,,1.25,,625.0,1.25,625.0,,10.351175293067348,5175.587646533675,WIN,2026-03-31T05:02:52.558045+00:00
1771422600|SHORT,,1771422600,2026-02-18 08:50:00 ET,2026-02-18 08:50:00 ET,2026-02-18 10:15:00 ET,,1771427700,2026-02-18 10:15:00 ET,,SHORT,24824.5,25042.0,,,16,,,-0.8972517748742637,,-448.62588743713184,-0.8972517748742637,-448.62588743713184,,9.453923518193085,4726.961759096544,LOSS,2026-03-30T02:15:13.253022+00:00
1771424700|SHORT,,1771424700,2026-02-18 09:25:00 ET,2026-02-18 09:25:00 ET,2026-02-18 09:35:00 ET,,1771425300,2026-02-18 09:35:00 ET,,SHORT,24809.5,24834.5,,,2,20.0,,-1.0,,-500.0,-1.0,-500.0,,8.453923518193085,4226.961759096544,LOSS,2026-03-31T05:02:52.558337+00:00
1771425300|SHORT,,1771425300,2026-02-18 09:35:00 ET,2026-02-18 09:35:00 ET,2026-02-18 09:40:00 ET,,1771425600,2026-02-18 09:40:00 ET,,SHORT,24804.0,24829.0,,,1,20.0,,-1.0,,-500.0,-1.0,-500.0,,7.4539235181930845,3726.9617590965436,LOSS,2026-03-31T05:02:52.558365+00:00
1771425600|SHORT,,1771425600,2026-02-18 09:40:00 ET,2026-02-18 09:40:00 ET,2026-02-18 09:45:00 ET,,1771425900,2026-02-18 09:45:00 ET,,SHORT,24850.75,24875.75,,,1,20.0,,-1.0,,-500.0,-1.0,-500.0,,6.4539235181930845,3226.9617590965436,LOSS,2026-03-31T05:02:52.558391+00:00
1771425900|SHORT,,1771425900,2026-02-18 09:45:00 ET,2026-02-18 09:45:00 ET,2026-02-18 09:50:00 ET,,1771426200,2026-02-18 09:50:00 ET,,SHORT,24802.5,24827.5,,,1,20.0,,-1.0,,-500.0,-1.0,-500.0,,5.4539235181930845,2726.9617590965436,LOSS,2026-03-31T05:02:52.558417+00:00
1771426200|SHORT,,1771426200,2026-02-18 09:50:00 ET,2026-02-18 09:50:00 ET,2026-02-18 09:55:00 ET,,1771426500,2026-02-18 09:55:00 ET,,SHORT,24887.0,24912.0,,,1,20.0,,-1.0,,-500.0,-1.0,-500.0,,4.4539235181930845,2226.9617590965436,LOSS,2026-03-31T05:02:52.558443+00:00
1771426500|SHORT,,1771426500,2026-02-18 09:55:00 ET,2026-02-18 09:55:00 ET,2026-02-18 10:00:00 ET,,1771426800,2026-02-18 10:00:00 ET,,SHORT,24940.75,24965.75,,,1,20.0,,-1.0,,-500.0,-1.0,-500.0,,3.4539235181930845,1726.9617590965436,LOSS,2026-03-31T05:02:52.558470+00:00
1771442700|SHORT,,1771442700,2026-02-18 14:25:00 ET,2026-02-18 14:25:00 ET,2026-02-18 15:00:00 ET,,1771444800,2026-02-18 15:00:00 ET,,SHORT,24992.5,24902.0,,,7,20.0,,3.62,,1810.0,3.62,1810.0,,7.073923518193085,3536.9617590965436,WIN,2026-03-31T05:02:52.558608+00:00
1771493700|SHORT,,1771493700,2026-02-19 04:35:00 ET,2026-02-19 04:35:00 ET,2026-02-19 05:10:00 ET,,1771495800,2026-02-19 05:10:00 ET,,SHORT,24908.75,24838.0,,,7,20.0,,2.83,,1415.0,2.83,1415.0,,9.903923518193086,4951.961759096544,WIN,2026-03-31T05:02:52.558887+00:00
1771494000|SHORT,,1771494000,2026-02-19 04:40:00 ET,2026-02-19 04:40:00 ET,2026-02-19 09:20:00 ET,,1771510800,2026-02-19 09:20:00 ET,,SHORT,24898.25,24867.75,,,55,,,0.09544584531873124,,47.72292265936562,0.09544584531873124,47.72292265936562,,9.999369363511818,4999.684681755909,WIN,2026-03-30T02:15:13.253108+00:00
1771585200|SHORT,,1771585200,2026-02-20 06:00:00 ET,2026-02-20 06:00:00 ET,2026-02-20 10:40:00 ET,,1771602000,2026-02-20 10:40:00 ET,,SHORT,24850.75,25007.75,,,55,,,-0.6606907066075807,,-330.3453533037903,-0.6606907066075807,-330.3453533037903,,9.338678656904237,4669.339328452119,LOSS,2026-03-30T02:15:13.253200+00:00
1771587300|SHORT,,1771587300,2026-02-20 06:35:00 ET,2026-02-20 06:35:00 ET,2026-02-20 07:10:00 ET,,1771589400,2026-02-20 07:10:00 ET,,SHORT,24866.0,24840.25,,,7,20.0,,1.03,,515.0,1.03,515.0,,10.368678656904237,5184.339328452119,WIN,2026-03-31T05:02:52.559393+00:00
1771803600|SHORT,,1771803600,2026-02-22 18:40:00 ET,2026-02-22 18:40:00 ET,2026-02-22 18:45:00 ET,,1771803900,2026-02-22 18:45:00 ET,,SHORT,24941.5,24966.5,,,1,20.0,,-1.0,,-500.0,-1.0,-500.0,,9.368678656904237,4684.339328452119,LOSS,2026-03-31T05:02:52.559606+00:00
1771803900|SHORT,,1771803900,2026-02-22 18:45:00 ET,2026-02-22 18:45:00 ET,2026-02-22 19:35:00 ET,,1771806900,2026-02-22 19:35:00 ET,,SHORT,24972.0,24885.75,,,10,20.0,,3.45,,1725.0,3.45,1725.0,,12.818678656904236,6409.339328452119,WIN,2026-03-31T05:02:52.559692+00:00
1771804200|SHORT,,1771804200,2026-02-22 18:50:00 ET,2026-02-22 18:50:00 ET,2026-02-22 23:30:00 ET,,1771821000,2026-02-22 23:30:00 ET,,SHORT,24956.75,24830.5,,,55,,,0.4822356587629084,,241.11782938145421,0.4822356587629084,241.11782938145421,,13.300914315667145,6650.457157833574,WIN,2026-03-30T02:15:13.253256+00:00
1771837500|LONG,,1771837500,2026-02-23 04:05:00 ET,2026-02-23 04:05:00 ET,2026-02-23 08:45:00 ET,,1771854300,2026-02-23 08:45:00 ET,,LONG,24974.5,24950.25,,,55,,,-0.12205478128474168,,-61.02739064237084,-0.12205478128474168,-61.02739064237084,,13.178859534382402,6589.429767191203,LOSS,2026-03-30T02:15:13.253306+00:00
1771865700|SHORT,,1771865700,2026-02-23 11:55:00 ET,2026-02-23 11:55:00 ET,2026-02-23 16:35:00 ET,,1771882500,2026-02-23 16:35:00 ET,,SHORT,24734.75,24785.25,,,55,,,-0.2312253235167816,,-115.6126617583908,-0.2312253235167816,-115.6126617583908,,12.94763421086562,6473.817105432812,LOSS,2026-03-30T02:15:13.253350+00:00
1771866600|SHORT,,1771866600,2026-02-23 12:10:00 ET,2026-02-23 12:10:00 ET,2026-02-23 16:50:00 ET,,1771883400,2026-02-23 16:50:00 ET,,SHORT,24733.25,24781.0,,,55,,,-0.2201518051744622,,-110.0759025872311,-0.2201518051744622,-110.0759025872311,,12.727482405691159,6363.741202845581,LOSS,2026-03-30T00:11:59.288715+00:00
1771952400|LONG,,1771952400,2026-02-24 12:00:00 ET,2026-02-24 12:00:00 ET,2026-02-24 16:40:00 ET,,1771969200,2026-02-24 16:40:00 ET,,LONG,25030.5,25021.25,,,55,,,-0.06192547476735477,,-30.962737383677386,-0.06192547476735477,-30.962737383677386,,12.665556930923804,6332.778465461904,LOSS,2026-03-30T02:15:13.253440+00:00
1772029800|LONG,,1772029800,2026-02-25 09:30:00 ET,2026-02-25 09:30:00 ET,2026-02-25 14:10:00 ET,,1772046600,2026-02-25 14:10:00 ET,,LONG,25223.0,25370.0,,,55,,,0.5576793659984425,,278.8396829992212,0.5576793659984425,278.8396829992212,,13.223236296922247,6611.618148461125,WIN,2026-03-30T02:15:13.253522+00:00
1772064600|SHORT,,1772064600,2026-02-25 19:10:00 ET,2026-02-25 19:10:00 ET,2026-02-25 23:50:00 ET,,1772081400,2026-02-25 23:50:00 ET,,SHORT,25331.5,25300.25,,,55,,,0.09790930173245727,,48.95465086622863,0.09790930173245727,48.95465086622863,,13.321145598654704,6660.572799327354,WIN,2026-03-30T02:15:13.253569+00:00
1772116800|SHORT,,1772116800,2026-02-26 09:40:00 ET,2026-02-26 09:40:00 ET,2026-02-26 10:15:00 ET,,1772118900,2026-02-26 10:15:00 ET,,SHORT,25265.25,24952.75,,,7,20.0,,12.5,,6250.0,12.5,6250.0,,25.821145598654702,12910.572799327354,WIN,2026-03-31T05:02:52.561236+00:00
1772117100|SHORT,,1772117100,2026-02-26 09:45:00 ET,2026-02-26 09:45:00 ET,2026-02-26 14:25:00 ET,,1772133900,2026-02-26 14:25:00 ET,,SHORT,25230.25,25078.75,,,55,,,0.5699347111707942,,284.9673555853971,0.5699347111707942,284.9673555853971,,26.391080309825497,13195.540154912751,WIN,2026-03-30T02:15:13.253634+00:00
1772192100|SHORT,,1772192100,2026-02-27 06:35:00 ET,2026-02-27 06:35:00 ET,2026-02-27 07:10:00 ET,,1772194200,2026-02-27 07:10:00 ET,,SHORT,24963.5,24977.5,,,7,20.0,,-0.5599999999999999,,-280.0,-0.5599999999999999,-280.0,,25.8310803098255,12915.540154912751,LOSS,2026-03-31T05:02:52.561634+00:00
1772196000|SHORT,,1772196000,2026-02-27 07:40:00 ET,2026-02-27 07:40:00 ET,2026-02-27 12:20:00 ET,,1772212800,2026-02-27 12:20:00 ET,,SHORT,24928.0,24942.25,,,55,,,-0.09004818063532705,,-45.02409031766352,-0.09004818063532705,-45.02409031766352,,25.74103212919017,12870.516064595087,LOSS,2026-03-30T02:15:13.253756+00:00
1772196600|SHORT,,1772196600,2026-02-27 07:50:00 ET,2026-02-27 07:50:00 ET,2026-02-27 08:35:00 ET,,1772199300,2026-02-27 08:35:00 ET,,SHORT,24921.75,24823.75,,,9,20.0,,3.92,,1960.0,3.92,1960.0,,29.66103212919017,14830.516064595087,WIN,2026-03-31T05:02:52.561714+00:00
1772413800|LONG,,1772413800,2026-03-01 20:10:00 ET,2026-03-01 20:10:00 ET,2026-03-02 00:25:00 ET,,1772429100,2026-03-02 00:25:00 ET,,LONG,24873.75,24722.75,,,50,,,-0.6319109187110872,,-315.9554593555436,-0.6319109187110872,-315.9554593555436,,29.029121210479083,14514.560605239543,LOSS,2026-03-30T02:15:13.253829+00:00
1772428800|SHORT,,1772428800,2026-03-02 00:20:00 ET,2026-03-02 00:20:00 ET,2026-03-02 05:00:00 ET,,1772445600,2026-03-02 05:00:00 ET,,SHORT,24722.75,24629.0,,,55,,,0.3525405661860548,,176.2702830930274,0.3525405661860548,176.2702830930274,,29.381661776665137,14690.83088833257,WIN,2026-03-30T02:15:13.253864+00:00
1772432700|SHORT,,1772432700,2026-03-02 01:25:00 ET,2026-03-02 01:25:00 ET,2026-03-02 02:00:00 ET,,1772434800,2026-03-02 02:00:00 ET,,SHORT,24669.75,24587.5,,,7,20.0,,3.29,,1645.0,3.29,1645.0,,32.67166177666514,16335.83088833257,WIN,2026-03-31T05:02:52.562068+00:00
1772445300|LONG,,1772445300,2026-03-02 04:55:00 ET,2026-03-02 04:55:00 ET,2026-03-02 09:35:00 ET,,1772462100,2026-03-02 09:35:00 ET,,LONG,24629.0,24832.75,,,55,,,0.8021070142628872,,401.0535071314436,0.8021070142628872,401.0535071314436,,33.47376879092803,16736.884395464014,WIN,2026-03-30T02:15:13.253900+00:00
1772496600|SHORT,,1772496600,2026-03-02 19:10:00 ET,2026-03-02 19:10:00 ET,2026-03-02 23:50:00 ET,,1772513400,2026-03-02 23:50:00 ET,,SHORT,24947.5,24803.5,,,55,,,0.5539531780807572,,276.9765890403786,0.5539531780807572,276.9765890403786,,34.02772196900878,17013.860984504394,WIN,2026-03-30T02:15:13.253980+00:00
1772503800|SHORT,,1772503800,2026-03-02 21:10:00 ET,2026-03-02 21:10:00 ET,2026-03-02 21:45:00 ET,,1772505900,2026-03-02 21:45:00 ET,,SHORT,24857.0,24874.75,,,7,20.0,,-0.7100000000000001,,-355.0,-0.7100000000000001,-355.0,,33.31772196900878,16658.860984504394,LOSS,2026-03-31T05:02:52.562461+00:00
1772508300|SHORT,,1772508300,2026-03-02 22:25:00 ET,2026-03-02 22:25:00 ET,2026-03-02 22:35:00 ET,,1772508900,2026-03-02 22:35:00 ET,,SHORT,24823.25,24848.25,,,2,20.0,,-1.0,,-500.0,-1.0,-500.0,,32.31772196900878,16158.860984504394,LOSS,2026-03-31T05:02:52.562509+00:00
1772508900|SHORT,,1772508900,2026-03-02 22:35:00 ET,2026-03-02 22:35:00 ET,2026-03-02 23:00:00 ET,,1772510400,2026-03-02 23:00:00 ET,,SHORT,24868.75,24832.25,,,5,20.0,,1.46,,730.0,1.46,730.0,,33.77772196900878,16888.860984504394,WIN,2026-03-31T05:02:52.562567+00:00
1772522700|SHORT,,1772522700,2026-03-03 02:25:00 ET,2026-03-03 02:25:00 ET,2026-03-03 03:00:00 ET,,1772524800,2026-03-03 03:00:00 ET,,SHORT,24703.75,24679.0,,,7,20.0,,0.9900000000000001,,495.0,0.9900000000000001,495.0,,34.76772196900878,17383.860984504394,WIN,2026-03-31T05:02:52.562685+00:00
1772523300|SHORT,,1772523300,2026-03-03 02:35:00 ET,2026-03-03 02:35:00 ET,2026-03-03 07:15:00 ET,,1772540100,2026-03-03 07:15:00 ET,,SHORT,24686.75,24555.25,,,55,,,0.504945788557909,,252.47289427895447,0.504945788557909,252.47289427895447,,35.272667757566694,17636.33387878335,WIN,2026-03-30T02:15:13.254024+00:00
1772541000|LONG,,1772541000,2026-03-03 07:30:00 ET,2026-03-03 07:30:00 ET,2026-03-03 12:10:00 ET,,1772557800,2026-03-03 12:10:00 ET,,LONG,24578.25,24638.0,,,55,,,0.21803524134653696,,109.01762067326848,0.21803524134653696,109.01762067326848,,35.49070299891323,17745.351499456618,WIN,2026-03-30T02:15:13.254058+00:00
1772594400|SHORT,,1772594400,2026-03-03 22:20:00 ET,2026-03-03 22:20:00 ET,2026-03-04 02:55:00 ET,,1772610900,2026-03-04 02:55:00 ET,,SHORT,24573.75,24663.25,,,53,,,-0.39116605451442465,,-195.58302725721234,-0.39116605451442465,-195.58302725721234,,35.09953694439881,17549.768472199405,LOSS,2026-03-30T02:15:13.254141+00:00
1772610600|LONG,,1772610600,2026-03-04 02:50:00 ET,2026-03-04 02:50:00 ET,2026-03-04 07:30:00 ET,,1772627400,2026-03-04 07:30:00 ET,,LONG,24663.25,24731.25,,,55,,,0.2506385828907387,,125.31929144536934,0.2506385828907387,125.31929144536934,,35.350175527289544,17675.087763644773,WIN,2026-03-30T02:15:13.254174+00:00
1772632800|LONG,,1772632800,2026-03-04 09:00:00 ET,2026-03-04 09:00:00 ET,2026-03-04 13:40:00 ET,,1772649600,2026-03-04 13:40:00 ET,,LONG,24888.0,25193.75,,,55,,,1.2031835992749595,,601.5917996374798,1.2031835992749595,601.5917996374798,,36.5533591265645,18276.679563282254,WIN,2026-03-30T02:15:13.254214+00:00
1772633100|LONG,,1772633100,2026-03-04 09:05:00 ET,2026-03-04 09:05:00 ET,2026-03-04 13:45:00 ET,,1772649900,2026-03-04 13:45:00 ET,,LONG,24875.25,25200.25,,,55,,,1.2812150279081003,,640.6075139540501,1.2812150279081003,640.6075139540501,,37.834574154472605,18917.287077236306,WIN,2026-03-30T00:11:59.289557+00:00
1772675700|SHORT,,1772675700,2026-03-04 20:55:00 ET,2026-03-04 20:55:00 ET,2026-03-05 01:40:00 ET,,1772692800,2026-03-05 01:40:00 ET,,SHORT,25071.0,25002.25,,,55,,,0.24834246122900083,,124.17123061450042,0.24834246122900083,124.17123061450042,,38.082916615701606,19041.458307850808,WIN,2026-03-30T02:15:13.254287+00:00
1772717400|SHORT,,1772717400,2026-03-05 08:30:00 ET,2026-03-05 08:30:00 ET,2026-03-05 09:30:00 ET,,1772721000,2026-03-05 09:30:00 ET,,SHORT,25025.5,25050.5,,,12,20.0,,-1.0,,-500.0,-1.0,-500.0,,37.082916615701606,18541.458307850808,LOSS,2026-03-31T05:02:52.563687+00:00
1772718900|SHORT,,1772718900,2026-03-05 08:55:00 ET,2026-03-05 08:55:00 ET,2026-03-05 13:35:00 ET,,1772735700,2026-03-05 13:35:00 ET,,SHORT,24993.75,24797.25,,,55,,,0.7539295822467151,,376.96479112335754,0.7539295822467151,376.96479112335754,,37.83684619794832,18918.423098974166,WIN,2026-03-30T02:15:13.254344+00:00
1772788500|SHORT,,1772788500,2026-03-06 04:15:00 ET,2026-03-06 04:15:00 ET,2026-03-06 09:25:00 ET,,1772807100,2026-03-06 09:25:00 ET,,SHORT,24999.0,24645.25,,,61,,,1.4060628387749796,,703.0314193874898,1.4060628387749796,703.0314193874898,,39.2429090367233,19621.454518361657,WIN,2026-03-30T02:15:13.254444+00:00
1772788800|SHORT,,1772788800,2026-03-06 04:20:00 ET,2026-03-06 04:20:00 ET,2026-03-06 04:55:00 ET,,1772790900,2026-03-06 04:55:00 ET,,SHORT,24983.25,24920.75,,,7,20.0,,2.5,,1250.0,2.5,1250.0,,41.7429090367233,20871.454518361657,WIN,2026-03-31T05:02:52.564075+00:00
1772800800|SHORT,,1772800800,2026-03-06 07:40:00 ET,2026-03-06 07:40:00 ET,2026-03-06 08:15:00 ET,,1772802900,2026-03-06 08:15:00 ET,,SHORT,24844.75,24845.25,,,7,20.0,,-0.02,,-10.0,-0.02,-10.0,,41.722909036723294,20861.454518361657,LOSS,2026-03-31T05:02:52.564182+00:00
1773033600|LONG,,1773033600,2026-03-09 01:20:00 ET,2026-03-09 01:20:00 ET,2026-03-09 06:00:00 ET,,1773050400,2026-03-09 06:00:00 ET,,LONG,24199.0,24419.75,,,55,,,0.8870038904727151,,443.5019452363575,0.8870038904727151,443.5019452363575,,42.60991292719601,21304.956463598013,WIN,2026-03-30T02:15:13.254544+00:00
1773051600|LONG,,1773051600,2026-03-09 06:20:00 ET,2026-03-09 06:20:00 ET,2026-03-09 11:00:00 ET,,1773068400,2026-03-09 11:00:00 ET,,LONG,24390.0,24549.0,,,55,,,0.6267337375389648,,313.3668687694824,0.6267337375389648,313.3668687694824,,43.23664666473497,21618.323332367494,WIN,2026-03-30T02:15:13.254580+00:00
1773058800|LONG,,1773058800,2026-03-09 08:20:00 ET,2026-03-09 08:20:00 ET,2026-03-09 13:10:00 ET,,1773076200,2026-03-09 13:10:00 ET,,LONG,24453.75,24686.0,,,57,,,0.9245125807288312,,462.25629036441563,0.9245125807288312,462.25629036441563,,44.1611592454638,22080.579622731908,WIN,2026-03-30T00:11:59.289925+00:00
1773072300|LONG,,1773072300,2026-03-09 12:05:00 ET,2026-03-09 12:05:00 ET,2026-03-09 16:45:00 ET,,1773089100,2026-03-09 16:45:00 ET,,LONG,24662.0,24960.0,,,55,,,1.183035910550756,,591.517955275378,1.183035910550756,591.517955275378,,45.34419515601456,22672.097578007284,WIN,2026-03-30T02:15:13.254617+00:00
1773094800|SHORT,,1773094800,2026-03-09 18:20:00 ET,2026-03-09 18:20:00 ET,2026-03-09 21:55:00 ET,,1773107700,2026-03-09 21:55:00 ET,,SHORT,24885.25,24986.25,,,42,,,-0.4315415710514525,,-215.77078552572627,-0.4315415710514525,-215.77078552572627,,44.9126535849631,22456.32679248156,LOSS,2026-03-30T02:15:13.254648+00:00
1773107400|LONG,,1773107400,2026-03-09 21:50:00 ET,2026-03-09 21:50:00 ET,2026-03-10 02:35:00 ET,,1773124500,2026-03-10 02:35:00 ET,,LONG,24986.25,24975.0,,,55,,,-0.07001175737691989,,-35.005878688459944,-0.07001175737691989,-35.005878688459944,,44.842641827586185,22421.3209137931,LOSS,2026-03-30T02:15:13.254695+00:00
1773127200|LONG,,1773127200,2026-03-10 03:20:00 ET,2026-03-10 03:20:00 ET,2026-03-10 07:45:00 ET,,1773143100,2026-03-10 07:45:00 ET,,LONG,25039.25,24973.5,,,52,,,-0.28750144435554237,,-143.7507221777712,-0.28750144435554237,-143.7507221777712,,44.55514038323064,22277.57019161533,LOSS,2026-03-30T02:15:13.254732+00:00
1773142800|SHORT,,1773142800,2026-03-10 07:40:00 ET,2026-03-10 07:40:00 ET,2026-03-10 09:50:00 ET,,1773150600,2026-03-10 09:50:00 ET,,SHORT,24973.5,25046.5,,,25,,,-0.3176223140719081,,-158.81115703595407,-0.3176223140719081,-158.81115703595407,,44.23751806915874,22118.759034579376,LOSS,2026-03-30T02:15:13.254756+00:00
1773150300|LONG,,1773150300,2026-03-10 09:45:00 ET,2026-03-10 09:45:00 ET,2026-03-10 14:25:00 ET,,1773167100,2026-03-10 14:25:00 ET,,LONG,25046.5,25030.75,,,55,,,-0.08792079812314224,,-43.960399061571124,-0.08792079812314224,-43.960399061571124,,44.149597271035596,22074.798635517804,LOSS,2026-03-30T02:15:13.254790+00:00
1773214500|SHORT,,1773214500,2026-03-11 03:35:00 ET,2026-03-11 03:35:00 ET,2026-03-11 08:15:00 ET,,1773231300,2026-03-11 08:15:00 ET,,SHORT,24959.0,24955.75,,,55,,,-0.014224124308026553,,-7.112062154013277,-0.014224124308026553,-7.112062154013277,,44.13537314672757,22067.68657336379,LOSS,2026-03-30T02:15:13.254882+00:00
1773219600|SHORT,,1773219600,2026-03-11 05:00:00 ET,2026-03-11 05:00:00 ET,2026-03-11 05:15:00 ET,,1773220500,2026-03-11 05:15:00 ET,,SHORT,24928.75,24953.75,,,3,20.0,,-1.0,,-500.0,-1.0,-500.0,,43.13537314672757,21567.68657336379,LOSS,2026-03-31T05:02:52.565447+00:00
1773220500|SHORT,,1773220500,2026-03-11 05:15:00 ET,2026-03-11 05:15:00 ET,2026-03-11 05:35:00 ET,,1773221700,2026-03-11 05:35:00 ET,,SHORT,24950.25,24933.75,,,4,20.0,,0.66,,330.0,0.66,330.0,,43.79537314672756,21897.68657336379,WIN,2026-03-31T05:02:52.565497+00:00
1773236100|LONG,,1773236100,2026-03-11 09:35:00 ET,2026-03-11 09:35:00 ET,2026-03-11 14:15:00 ET,,1773252900,2026-03-11 14:15:00 ET,,LONG,25102.75,24913.0,,,55,,,-0.7807379557627225,,-390.3689778813613,-0.7807379557627225,-390.3689778813613,,43.01463519096484,21507.31759548243,LOSS,2026-03-30T02:15:13.254921+00:00
1773253500|SHORT,,1773253500,2026-03-11 14:25:00 ET,2026-03-11 14:25:00 ET,2026-03-11 14:45:00 ET,,1773254700,2026-03-11 14:45:00 ET,,SHORT,24947.0,24943.0,,,3,,,-0.009074022365773704,,-4.537011182886852,-0.009074022365773704,-4.537011182886852,,43.005561168599066,21502.780584299544,LOSS,2026-03-30T02:15:13.254936+00:00
1773269400|SHORT,,1773269400,2026-03-11 18:50:00 ET,2026-03-11 18:50:00 ET,2026-03-11 19:30:00 ET,,1773271800,2026-03-11 19:30:00 ET,,SHORT,24835.5,24758.5,,,8,20.0,,3.08,,1540.0,3.08,1540.0,,46.085561168599064,23042.780584299544,WIN,2026-03-31T05:02:52.565792+00:00
1773277200|SHORT,,1773277200,2026-03-11 21:00:00 ET,2026-03-11 21:00:00 ET,2026-03-12 01:40:00 ET,,1773294000,2026-03-12 01:40:00 ET,,SHORT,24793.25,24761.25,,,54,,,0.10288621876948234,,51.44310938474117,0.10288621876948234,51.44310938474117,,46.18844738736855,23094.223693684286,WIN,2026-03-30T00:11:59.290308+00:00
1773287700|SHORT,,1773287700,2026-03-11 23:55:00 ET,2026-03-11 23:55:00 ET,2026-03-12 01:40:00 ET,,1773294000,2026-03-12 01:40:00 ET,,SHORT,24726.5,24761.25,,,19,,,-0.1657321280069235,,-82.86606400346174,-0.1657321280069235,-82.86606400346174,,46.022715259361625,23011.357629680824,LOSS,2026-03-30T02:15:13.254982+00:00
1773302100|LONG,,1773302100,2026-03-12 03:55:00 ET,2026-03-12 03:55:00 ET,2026-03-12 08:35:00 ET,,1773318900,2026-03-12 08:35:00 ET,,LONG,24871.75,24816.0,,,55,,,-0.2490718070823128,,-124.5359035411564,-0.2490718070823128,-124.5359035411564,,45.773643452279316,22886.821726139668,LOSS,2026-03-30T02:15:13.255024+00:00
1773321300|SHORT,,1773321300,2026-03-12 09:15:00 ET,2026-03-12 09:15:00 ET,2026-03-12 13:55:00 ET,,1773338100,2026-03-12 13:55:00 ET,,SHORT,24784.75,24622.75,,,55,,,0.622941546193112,,311.470773096556,0.622941546193112,311.470773096556,,46.39658499847243,23198.292499236224,WIN,2026-03-30T02:15:13.255061+00:00
1773366300|LONG,,1773366300,2026-03-12 21:45:00 ET,2026-03-12 21:45:00 ET,2026-03-13 02:25:00 ET,,1773383100,2026-03-13 02:25:00 ET,,LONG,24627.25,24565.5,,,54,,,-0.2756806373061971,,-137.84031865309854,-0.2756806373061971,-137.84031865309854,,46.12090436116623,23060.452180583125,LOSS,2026-03-30T02:15:13.255136+00:00
1773385200|SHORT,,1773385200,2026-03-13 03:00:00 ET,2026-03-13 03:00:00 ET,2026-03-13 04:00:00 ET,,1773388800,2026-03-13 04:00:00 ET,,SHORT,24457.0,24421.75,,,12,20.0,,1.41,,705.0,1.41,705.0,,47.53090436116623,23765.452180583125,WIN,2026-03-31T05:02:52.566437+00:00
1773390900|SHORT,,1773390900,2026-03-13 04:35:00 ET,2026-03-13 04:35:00 ET,2026-03-13 04:50:00 ET,,1773391800,2026-03-13 04:50:00 ET,,SHORT,24472.25,24497.25,,,3,20.0,,-1.0,,-500.0,-1.0,-500.0,,46.53090436116623,23265.452180583125,LOSS,2026-03-31T05:02:52.566486+00:00
1773391800|SHORT,,1773391800,2026-03-13 04:50:00 ET,2026-03-13 04:50:00 ET,2026-03-13 05:00:00 ET,,1773392400,2026-03-13 05:00:00 ET,,SHORT,24511.0,24536.0,,,2,20.0,,-1.0,,-500.0,-1.0,-500.0,,45.53090436116623,22765.452180583125,LOSS,2026-03-31T05:02:52.566520+00:00
1773392400|SHORT,,1773392400,2026-03-13 05:00:00 ET,2026-03-13 05:00:00 ET,2026-03-13 05:10:00 ET,,1773393000,2026-03-13 05:10:00 ET,,SHORT,24549.25,24532.5,,,2,20.0,,0.67,,335.0,0.67,335.0,,46.20090436116623,23100.452180583125,WIN,2026-03-31T05:02:52.566556+00:00
1773395100|LONG,,1773395100,2026-03-13 05:45:00 ET,2026-03-13 05:45:00 ET,2026-03-13 10:25:00 ET,,1773411900,2026-03-13 10:25:00 ET,,LONG,24536.5,24672.0,,,55,,,0.5271032593042513,,263.55162965212565,0.5271032593042513,263.55162965212565,,46.72800762047048,23364.003810235252,WIN,2026-03-30T02:15:13.255198+00:00
1773618600|LONG,,1773618600,2026-03-15 19:50:00 ET,2026-03-15 19:50:00 ET,2026-03-16 00:30:00 ET,,1773635400,2026-03-16 00:30:00 ET,,LONG,24454.5,24533.0,,,55,,,0.29590866978812524,,147.9543348940626,0.29590866978812524,147.9543348940626,,47.023916290258605,23511.958145129316,WIN,2026-03-30T02:15:13.255257+00:00
1773660900|LONG,,1773660900,2026-03-16 07:35:00 ET,2026-03-16 07:35:00 ET,2026-03-16 12:15:00 ET,,1773677700,2026-03-16 12:15:00 ET,,LONG,24616.0,24895.0,,,55,,,1.108140183853168,,554.0700919265839,1.108140183853168,554.0700919265839,,48.13205647411177,24066.0282370559,WIN,2026-03-30T02:15:13.255312+00:00
1773684000|LONG,,1773684000,2026-03-16 14:00:00 ET,2026-03-16 14:00:00 ET,2026-03-16 16:50:00 ET,,1773694200,2026-03-16 16:50:00 ET,,LONG,24913.0,24872.5,,,33,,,-0.1875125703238556,,-93.75628516192779,-0.1875125703238556,-93.75628516192779,,47.94454390378792,23972.27195189397,LOSS,2026-03-30T02:15:13.255344+00:00
1773750600|LONG,,1773750600,2026-03-17 08:30:00 ET,2026-03-17 08:30:00 ET,2026-03-17 13:10:00 ET,,1773767400,2026-03-17 13:10:00 ET,,LONG,24932.25,25029.25,,,55,,,0.36395329828251555,,181.97664914125778,0.36395329828251555,181.97664914125778,,48.308497202070434,24154.24860103523,WIN,2026-03-30T02:15:13.255444+00:00
1773835500|SHORT,,1773835500,2026-03-18 08:05:00 ET,2026-03-18 08:05:00 ET,2026-03-18 08:40:00 ET,,1773837600,2026-03-18 08:40:00 ET,,SHORT,25059.25,24923.0,,,7,20.0,,5.45,,2725.0,5.45,2725.0,,53.75849720207044,26879.24860103523,WIN,2026-03-31T05:02:52.567900+00:00
1773898800|SHORT,,1773898800,2026-03-19 01:40:00 ET,2026-03-19 01:40:00 ET,2026-03-19 01:50:00 ET,,1773899400,2026-03-19 01:50:00 ET,,SHORT,24583.5,24608.5,,,2,20.0,,-1.0,,-500.0,-1.0,-500.0,,52.75849720207044,26379.24860103523,LOSS,2026-03-31T05:02:52.568228+00:00
1773899400|SHORT,,1773899400,2026-03-19 01:50:00 ET,2026-03-19 01:50:00 ET,2026-03-19 02:15:00 ET,,1773900900,2026-03-19 02:15:00 ET,,SHORT,24615.25,24627.0,,,5,20.0,,-0.47000000000000003,,-235.0,-0.47000000000000003,-235.0,,52.28849720207044,26144.24860103523,LOSS,2026-03-31T05:02:52.568278+00:00
1773920100|SHORT,,1773920100,2026-03-19 07:35:00 ET,2026-03-19 07:35:00 ET,2026-03-19 12:15:00 ET,,1773936900,2026-03-19 12:15:00 ET,,SHORT,24511.0,24471.0,,,55,,,0.12905105059783928,,64.52552529891963,0.12905105059783928,64.52552529891963,,52.417548252668276,26208.77412633415,WIN,2026-03-30T02:15:13.255640+00:00
1773959100|LONG,,1773959100,2026-03-19 18:25:00 ET,2026-03-19 18:25:00 ET,2026-03-19 23:05:00 ET,,1773975900,2026-03-19 23:05:00 ET,,LONG,24639.0,24612.0,,,55,,,-0.13455244022977375,,-67.27622011488688,-0.13455244022977375,-67.27622011488688,,52.2829958124385,26141.49790621926,LOSS,2026-03-30T02:15:13.255705+00:00
1773999900|SHORT,,1773999900,2026-03-20 05:45:00 ET,2026-03-20 05:45:00 ET,2026-03-20 08:00:00 ET,,1774008000,2026-03-20 08:00:00 ET,,SHORT,24441.75,24444.25,,,26,,,-0.037117975970746286,,-18.558987985373143,-0.037117975970746286,-18.558987985373143,,52.245877836467756,26122.93891823389,LOSS,2026-03-30T02:15:13.255750+00:00
1774007700|LONG,,1774007700,2026-03-20 07:55:00 ET,2026-03-20 07:55:00 ET,2026-03-20 10:55:00 ET,,1774018500,2026-03-20 10:55:00 ET,,LONG,24444.25,24237.0,,,35,,,-0.8726453287754454,,-436.32266438772274,-0.8726453287754454,-436.32266438772274,,51.37323250769231,25686.616253846165,LOSS,2026-03-30T02:15:13.255777+00:00
1774030500|SHORT,,1774030500,2026-03-20 14:15:00 ET,2026-03-20 14:15:00 ET,2026-03-20 14:50:00 ET,,1774032600,2026-03-20 14:50:00 ET,,SHORT,24182.25,24086.5,,,7,20.0,,3.83,,1915.0,3.83,1915.0,,55.203232507692306,27601.616253846165,WIN,2026-03-31T05:02:52.568949+00:00
1774238100|SHORT,,1774238100,2026-03-22 23:55:00 ET,2026-03-22 23:55:00 ET,2026-03-23 00:15:00 ET,,1774239300,2026-03-23 00:15:00 ET,,SHORT,23955.75,23980.75,,,4,20.0,,-1.0,,-500.0,-1.0,-500.0,,54.203232507692306,27101.616253846165,LOSS,2026-03-31T05:02:52.569146+00:00
1774239300|SHORT,,1774239300,2026-03-23 00:15:00 ET,2026-03-23 00:15:00 ET,2026-03-23 00:30:00 ET,,1774240200,2026-03-23 00:30:00 ET,,SHORT,23979.75,23992.25,,,3,20.0,,-0.5,,-250.0,-0.5,-250.0,,53.703232507692306,26851.616253846165,LOSS,2026-03-31T05:02:52.569189+00:00
1774248000|SHORT,,1774248000,2026-03-23 02:40:00 ET,2026-03-23 02:40:00 ET,2026-03-23 03:05:00 ET,,1774249500,2026-03-23 03:05:00 ET,,SHORT,23871.25,23896.25,,,5,20.0,,-1.0,,-500.0,-1.0,-500.0,,52.703232507692306,26351.616253846165,LOSS,2026-03-31T05:02:52.569272+00:00
1774249500|SHORT,,1774249500,2026-03-23 03:05:00 ET,2026-03-23 03:05:00 ET,2026-03-23 03:10:00 ET,,1774249800,2026-03-23 03:10:00 ET,,SHORT,23884.0,23909.0,,,1,20.0,,-1.0,,-500.0,-1.0,-500.0,,51.703232507692306,25851.616253846165,LOSS,2026-03-31T05:02:52.569299+00:00
1774249800|SHORT,,1774249800,2026-03-23 03:10:00 ET,2026-03-23 03:10:00 ET,2026-03-23 03:25:00 ET,,1774250700,2026-03-23 03:25:00 ET,,SHORT,23893.0,23801.25,,,3,20.0,,3.6700000000000004,,1835.0,3.6700000000000004,1835.0,,55.37323250769231,27686.616253846165,WIN,2026-03-31T05:02:52.569339+00:00
1774256400|LONG,,1774256400,2026-03-23 05:00:00 ET,2026-03-23 05:00:00 ET,2026-03-23 09:40:00 ET,,1774273200,2026-03-23 09:40:00 ET,,LONG,23914.75,24540.25,,,55,,,2.5899084373311343,,1294.9542186655672,2.5899084373311343,1294.9542186655672,,57.96314094502344,28981.570472511732,WIN,2026-03-30T02:15:13.255894+00:00
1774317600|SHORT,,1774317600,2026-03-23 22:00:00 ET,2026-03-23 22:00:00 ET,2026-03-24 02:45:00 ET,,1774334700,2026-03-24 02:45:00 ET,,SHORT,24263.75,24353.75,,,55,,,-0.39668587317631676,,-198.34293658815838,-0.39668587317631676,-198.34293658815838,,57.56645507184712,28783.227535923575,LOSS,2026-03-30T02:15:13.255963+00:00
1774334400|LONG,,1774334400,2026-03-24 02:40:00 ET,2026-03-24 02:40:00 ET,2026-03-24 04:55:00 ET,,1774342500,2026-03-24 04:55:00 ET,,LONG,24353.75,24388.5,,,26,,,0.11765976262227973,,58.829881311139864,0.11765976262227973,58.829881311139864,,57.684114834469405,28842.057417234715,WIN,2026-03-30T02:15:13.255986+00:00
1774342200|SHORT,,1774342200,2026-03-24 04:50:00 ET,2026-03-24 04:50:00 ET,2026-03-24 09:30:00 ET,,1774359000,2026-03-24 09:30:00 ET,,SHORT,24388.5,24255.5,,,55,,,0.5184316807647749,,259.21584038238746,0.5184316807647749,259.21584038238746,,58.20254651523418,29101.273257617104,WIN,2026-03-30T02:15:13.256020+00:00
1774398600|LONG,,1774398600,2026-03-24 20:30:00 ET,2026-03-24 20:30:00 ET,2026-03-24 22:20:00 ET,,1774405200,2026-03-24 22:20:00 ET,,LONG,24467.75,24366.75,,,21,,,-0.43767031950902036,,-218.8351597545102,-0.43767031950902036,-218.8351597545102,,57.764876195725165,28882.438097862592,LOSS,2026-03-30T02:15:13.256072+00:00
1774404900|SHORT,,1774404900,2026-03-24 22:15:00 ET,2026-03-24 22:15:00 ET,2026-03-25 03:00:00 ET,,1774422000,2026-03-25 03:00:00 ET,,SHORT,24366.75,24378.0,,,55,,,-0.07208337335579129,,-36.04168667789565,-0.07208337335579129,-36.04168667789565,,57.69279282236938,28846.396411184698,LOSS,2026-03-30T02:15:13.256106+00:00
1774407000|SHORT,,1774407000,2026-03-24 22:50:00 ET,2026-03-24 22:50:00 ET,2026-03-24 23:25:00 ET,,1774409100,2026-03-24 23:25:00 ET,,SHORT,24352.0,24339.5,,,7,20.0,,0.5,,250.0,0.5,250.0,,58.19279282236938,29096.396411184698,WIN,2026-03-31T05:02:52.570147+00:00
1774425900|LONG,,1774425900,2026-03-25 04:05:00 ET,2026-03-25 04:05:00 ET,2026-03-25 08:45:00 ET,,1774442700,2026-03-25 08:45:00 ET,,LONG,24479.5,24427.25,,,55,,,-0.2383717022690801,,-119.18585113454006,-0.2383717022690801,-119.18585113454006,,57.9544211201003,28977.210560050156,LOSS,2026-03-30T02:15:13.256144+00:00
1774492500|SHORT,,1774492500,2026-03-25 22:35:00 ET,2026-03-25 22:35:00 ET,2026-03-25 22:40:00 ET,,1774492800,2026-03-25 22:40:00 ET,,SHORT,24258.75,24283.75,,,1,20.0,,-1.0,,-500.0,-1.0,-500.0,,56.9544211201003,28477.210560050156,LOSS,2026-03-31T05:02:52.570563+00:00
1774492800|SHORT,,1774492800,2026-03-25 22:40:00 ET,2026-03-25 22:40:00 ET,2026-03-25 23:10:00 ET,,1774494600,2026-03-25 23:10:00 ET,,SHORT,24283.25,24308.25,,,6,20.0,,-1.0,,-500.0,-1.0,-500.0,,55.9544211201003,27977.210560050156,LOSS,2026-03-31T05:02:52.570621+00:00
1774502400|SHORT,,1774502400,2026-03-26 01:20:00 ET,2026-03-26 01:20:00 ET,2026-03-26 06:00:00 ET,,1774519200,2026-03-26 06:00:00 ET,,SHORT,24290.75,24155.0,,,55,,,0.5350739319123221,,267.53696595616105,0.5350739319123221,267.53696595616105,,56.48949505201262,28244.74752600632,WIN,2026-03-30T02:15:13.256244+00:00
1774504500|SHORT,,1774504500,2026-03-26 01:55:00 ET,2026-03-26 01:55:00 ET,2026-03-26 02:25:00 ET,,1774506300,2026-03-26 02:25:00 ET,,SHORT,24255.75,24280.75,,,6,20.0,,-1.0,,-500.0,-1.0,-500.0,,55.48949505201262,27744.74752600632,LOSS,2026-03-31T05:02:52.570721+00:00
1774506300|SHORT,,1774506300,2026-03-26 02:25:00 ET,2026-03-26 02:25:00 ET,2026-03-26 02:30:00 ET,,1774506600,2026-03-26 02:30:00 ET,,SHORT,24280.5,24276.25,,,1,20.0,,0.16999999999999998,,85.0,0.16999999999999998,85.0,,55.65949505201262,27829.74752600632,WIN,2026-03-31T05:02:52.570753+00:00
1774514700|SHORT,,1774514700,2026-03-26 04:45:00 ET,2026-03-26 04:45:00 ET,2026-03-26 04:55:00 ET,,1774515300,2026-03-26 04:55:00 ET,,SHORT,24166.0,24191.0,,,2,20.0,,-1.0,,-500.0,-1.0,-500.0,,54.65949505201262,27329.74752600632,LOSS,2026-03-31T05:02:52.570826+00:00
1774515300|SHORT,,1774515300,2026-03-26 04:55:00 ET,2026-03-26 04:55:00 ET,2026-03-26 05:25:00 ET,,1774517100,2026-03-26 05:25:00 ET,,SHORT,24194.5,24151.75,,,6,20.0,,1.71,,855.0,1.71,855.0,,56.369495052012624,28184.74752600632,WIN,2026-03-31T05:02:52.570882+00:00
1774519200|SHORT,,1774519200,2026-03-26 06:00:00 ET,2026-03-26 06:00:00 ET,2026-03-26 06:05:00 ET,,1774519500,2026-03-26 06:05:00 ET,,SHORT,24162.0,24187.0,,,1,20.0,,-1.0,,-500.0,-1.0,-500.0,,55.369495052012624,27684.74752600632,LOSS,2026-03-31T05:02:52.570918+00:00
1774519500|SHORT,,1774519500,2026-03-26 06:05:00 ET,2026-03-26 06:05:00 ET,2026-03-26 06:25:00 ET,,1774520700,2026-03-26 06:25:00 ET,,SHORT,24176.25,24201.25,,,4,20.0,,-1.0,,-500.0,-1.0,-500.0,,54.369495052012624,27184.74752600632,LOSS,2026-03-31T05:02:52.570960+00:00
1774520700|SHORT,,1774520700,2026-03-26 06:25:00 ET,2026-03-26 06:25:00 ET,2026-03-26 06:35:00 ET,,1774521300,2026-03-26 06:35:00 ET,,SHORT,24196.25,24159.0,,,2,20.0,,1.49,,745.0,1.49,745.0,,55.859495052012626,27929.74752600632,WIN,2026-03-31T05:02:52.570996+00:00
1774539000|SHORT,,1774539000,2026-03-26 11:30:00 ET,2026-03-26 11:30:00 ET,2026-03-26 16:15:00 ET,,1774556100,2026-03-26 16:15:00 ET,,SHORT,24063.0,23902.5,,,56,,,0.641399152625155,,320.6995763125775,0.641399152625155,320.6995763125775,,56.50089420463778,28250.447102318896,WIN,2026-03-30T02:15:13.256295+00:00
1774588200|LONG,,1774588200,2026-03-27 01:10:00 ET,2026-03-27 01:10:00 ET,2026-03-27 04:10:00 ET,,1774599000,2026-03-27 04:10:00 ET,,LONG,23971.5,23830.0,,,35,,,-0.6151504693823195,,-307.5752346911598,-0.6151504693823195,-307.5752346911598,,55.88574373525546,27942.871867627735,LOSS,2026-03-30T02:15:13.256346+00:00
1774596600|SHORT,,1774596600,2026-03-27 03:30:00 ET,2026-03-27 03:30:00 ET,2026-03-27 03:45:00 ET,,1774597500,2026-03-27 03:45:00 ET,,SHORT,23864.25,23889.25,,,3,20.0,,-1.0,,-500.0,-1.0,-500.0,,54.88574373525546,27442.871867627735,LOSS,2026-03-31T05:02:52.571401+00:00
1774597500|SHORT,,1774597500,2026-03-27 03:45:00 ET,2026-03-27 03:45:00 ET,2026-03-27 04:05:00 ET,,1774598700,2026-03-27 04:05:00 ET,,SHORT,23885.5,23830.25,,,4,20.0,,2.21,,1105.0,2.21,1105.0,,57.09574373525546,28547.871867627735,WIN,2026-03-31T05:02:52.571449+00:00
1774598700|SHORT,,1774598700,2026-03-27 04:05:00 ET,2026-03-27 04:05:00 ET,2026-03-27 08:45:00 ET,,1774615500,2026-03-27 08:45:00 ET,,SHORT,23830.0,23634.0,,,55,,,0.8018055364993337,,400.90276824966685,0.8018055364993337,400.90276824966685,,57.8975492717548,28948.774635877402,WIN,2026-03-30T02:15:13.256380+00:00
1774600800|SHORT,,1774600800,2026-03-27 04:40:00 ET,2026-03-27 04:40:00 ET,2026-03-27 05:15:00 ET,,1774602900,2026-03-27 05:15:00 ET,,SHORT,23796.5,23767.0,,,7,20.0,,1.18,,590.0,1.18,590.0,,59.0775492717548,29538.774635877402,WIN,2026-03-31T05:02:52.571518+00:00
1774611900|SHORT,,1774611900,2026-03-27 07:45:00 ET,2026-03-27 07:45:00 ET,2026-03-27 08:20:00 ET,,1774614000,2026-03-27 08:20:00 ET,,SHORT,23675.75,23648.0,,,7,20.0,,1.11,,555.0,1.11,555.0,,60.1875492717548,30093.774635877402,WIN,2026-03-31T05:02:52.571620+00:00
1774616700|SHORT,,1774616700,2026-03-27 09:05:00 ET,2026-03-27 09:05:00 ET,2026-03-27 15:20:00 ET,,1774639200,2026-03-27 15:20:00 ET,,SHORT,23592.25,23353.75,,,74,,,0.9859943361502532,,492.99716807512664,0.9859943361502532,492.99716807512664,,61.17354360790505,30586.771803952528,WIN,2026-03-30T02:15:13.256422+00:00
1774822200|SHORT,,1774822200,2026-03-29 18:10:00 ET,2026-03-29 18:10:00 ET,2026-03-29 18:20:00 ET,,1774822800,2026-03-29 18:20:00 ET,,SHORT,23195.0,23220.0,,,2,20.0,,-1.0,,-500.0,-1.0,-500.0,,60.17354360790505,30086.771803952528,LOSS,2026-03-31T05:02:52.571818+00:00
1774822800|SHORT,,1774822800,2026-03-29 18:20:00 ET,2026-03-29 18:20:00 ET,2026-03-29 18:40:00 ET,,1774824000,2026-03-29 18:40:00 ET,,SHORT,23221.0,23173.5,,,4,20.0,,1.9,,950.0,1.9,950.0,,62.07354360790505,31036.771803952528,WIN,2026-03-31T05:02:52.571868+00:00
1774916400|SHORT,,1774916400,2026-03-30 20:20:00 ET,2026-03-30 20:20:00 ET,2026-03-30 20:25:00 ET,,1774916700,2026-03-30 20:25:00 ET,,SHORT,22980.25,23005.25,,,1,20.0,,-1.0,,-500.0,-1.0,-500.0,,61.07354360790505,30536.771803952528,LOSS,2026-03-31T05:02:52.572349+00:00
1774916700|SHORT,,1774916700,2026-03-30 20:25:00 ET,2026-03-30 20:25:00 ET,2026-03-30 20:35:00 ET,,1774917300,2026-03-30 20:35:00 ET,,SHORT,23011.75,23036.75,,,2,20.0,,-1.0,,-500.0,-1.0,-500.0,,60.07354360790505,30036.771803952528,LOSS,2026-03-31T05:02:52.572385+00:00
1774917300|SHORT,,1774917300,2026-03-30 20:35:00 ET,2026-03-30 20:35:00 ET,2026-03-30 20:40:00 ET,,1774917600,2026-03-30 20:40:00 ET,,SHORT,23073.5,23098.5,,,1,20.0,,-1.0,,-500.0,-1.0,-500.0,,59.07354360790505,29536.771803952528,LOSS,2026-03-31T05:02:52.572414+00:00
1774917600|SHORT,,1774917600,2026-03-30 20:40:00 ET,2026-03-30 20:40:00 ET,2026-03-30 20:45:00 ET,,1774917900,2026-03-30 20:45:00 ET,,SHORT,23158.0,23183.0,,,1,20.0,,-1.0,,-500.0,-1.0,-500.0,,58.07354360790505,29036.771803952528,LOSS,2026-03-31T05:02:52.572442+00:00
1774917900|SHORT,,1774917900,2026-03-30 20:45:00 ET,2026-03-30 20:45:00 ET,2026-03-30 20:55:00 ET,,1774918500,2026-03-30 20:55:00 ET,,SHORT,23245.5,23203.0,,,2,20.0,,1.7000000000000002,,850.0,1.7000000000000002,850.0,,59.773543607905054,29886.771803952528,WIN,2026-03-31T05:02:52.572484+00:00
